Date,Max_Temperature_F,Mean_Temperature_F,Min_TemperatureF,Max_Dew_Point_F,MeanDew_Point_F,Min_Dewpoint_F,Max_Humidity,Mean_Humidity ,Min_Humidity ,Max_Sea_Level_Pressure_In ,Mean_Sea_Level_Pressure_In ,Min_Sea_Level_Pressure_In ,Max_Visibility_Miles ,Mean_Visibility_Miles ,Min_Visibility_Miles ,Max_Wind_Speed_MPH ,Mean_Wind_Speed_MPH ,Max_Gust_Speed_MPH,Precipitation_In ,Cloud_Cover ,Events,Wind_Dir_Degrees,zip
8/29/2013,74,68,61,61,58,56,93,75,57,30.07,30.02,29.97,10,10,10,23,11,28,0,4,,286,94107
8/30/2013,78,69,60,61,58,56,90,70,50,30.05,30,29.93,10,10,7,29,13,35,0,2,,291,94107
8/31/2013,71,64,57,57,56,54,93,75,57,30,29.96,29.92,10,10,10,26,15,31,0,4,,284,94107
9/1/2013,74,66,58,60,56,53,87,68,49,29.96,29.93,29.91,10,10,10,25,13,29,0,4,,284,94107
9/2/2013,75,69,62,61,60,58,93,77,61,29.97,29.94,29.9,10,10,6,23,12,30,0,6,,277,94107
9/3/2013,73,67,60,59,56,51,84,65,46,30.02,29.98,29.95,10,10,10,24,15,31,0,2,,276,94107
9/4/2013,74,68,61,59,57,56,90,72,53,30.05,30.01,29.97,10,10,10,29,19,35,0,4,,269,94107
9/5/2013,72,66,60,57,56,54,90,74,57,30.04,30,29.97,10,10,10,31,21,37,0,3,,270,94107
9/6/2013,85,71,56,57,51,45,86,58,29,30,29.92,29.83,10,10,10,24,8,28,0,0,,287,94107
9/7/2013,88,73,58,64,54,46,86,59,31,29.88,29.85,29.81,10,10,10,21,8,25,0,1,,305,94107
9/8/2013,74,65,56,58,54,52,86,70,53,29.88,29.83,29.76,10,10,10,26,11,31,0,2,,299,94107
9/9/2013,76,66,55,58,55,52,90,70,50,29.82,29.77,29.72,10,10,10,26,11,30,0,1,,303,94107
9/10/2013,74,66,57,59,56,54,93,73,53,29.91,29.82,29.76,10,10,10,17,8,21,0,1,,230,94107
9/11/2013,74,68,62,57,55,54,78,68,57,30,29.97,29.91,10,10,10,18,9,23,0,5,,219,94107
9/12/2013,71,65,59,58,57,55,84,73,61,29.99,29.95,29.91,10,10,9,25,11,30,0,7,Fog,268,94107
9/13/2013,66,62,57,55,54,54,93,80,67,29.92,29.87,29.8,10,10,7,30,15,37,0,6,,271,94107
9/14/2013,66,62,57,55,54,53,87,77,67,29.86,29.81,29.77,10,10,9,25,16,33,0,7,,265,94107
9/15/2013,73,66,58,59,55,52,90,72,53,29.88,29.85,29.81,10,10,6,23,13,26,0,5,,276,94107
9/16/2013,71,65,59,58,55,53,90,74,57,29.91,29.87,29.81,10,10,6,31,16,39,0,3,,274,94107
9/17/2013,68,63,57,55,53,50,86,72,58,29.91,29.87,29.84,10,10,10,39,22,51,0,3,,270,94107
9/18/2013,78,66,54,55,49,47,78,60,41,29.92,29.88,29.85,10,10,10,25,10,30,0,1,,278,94107
9/19/2013,80,67,54,56,50,46,77,58,38,29.87,29.82,29.76,10,10,10,26,10,33,0,0,,297,94107
9/20/2013,73,65,56,59,56,50,87,70,53,29.88,29.84,29.79,10,10,9,17,10,23,0,6,,248,94107
9/21/2013,68,63,58,59,56,53,90,75,59,29.91,29.85,29.82,10,9,2,24,12,28,0.23,6,Rain,218,94107
9/22/2013,70,63,55,55,53,49,93,70,47,30.02,29.97,29.92,10,10,10,29,10,35,0,1,,292,94107
9/23/2013,78,68,57,58,54,50,78,64,50,30.03,29.99,29.95,10,10,10,24,9,30,0,0,,294,94107
9/24/2013,71,65,58,54,52,50,78,66,53,30.01,29.97,29.93,10,10,10,36,19,43,0,1,,277,94107
9/25/2013,67,62,56,51,47,45,83,64,45,29.95,29.91,29.84,10,10,10,35,20,45,0,1,,281,94107
9/26/2013,71,62,53,46,43,38,72,53,33,29.99,29.92,29.85,10,10,10,24,11,29,0,0,,281,94107
9/27/2013,78,66,54,47,41,34,67,46,25,30.11,30.06,30,10,10,10,23,7,28,0,0,,279,94107
9/28/2013,78,66,53,55,48,38,84,60,35,30.1,30.06,30.02,10,10,10,28,9,32,0,1,,296,94107
9/29/2013,75,66,57,59,56,53,87,70,53,30.11,30.09,30.06,10,10,10,16,7,21,0,3,,253,94107
9/30/2013,73,66,59,60,57,43,87,69,51,30.07,30.03,29.98,10,10,10,22,10,26,T,4,Fog,264,94107
10/1/2013,69,63,56,50,48,46,77,61,45,30.03,29.98,29.94,10,10,10,22,13,26,0,3,,273,94107
10/2/2013,69,62,54,49,46,44,77,61,45,30.02,29.98,29.94,10,10,10,29,14,35,0,2,,280,94107
10/3/2013,70,62,54,44,41,35,66,47,28,30.09,30.02,29.96,10,10,10,25,13,30,0,0,,294,94107
10/4/2013,76,69,61,51,42,28,53,38,22,30.1,30.05,29.98,10,10,10,22,9,25,0,0,,13,94107
10/5/2013,80,69,57,52,36,24,56,36,15,30.2,30.14,30.1,10,10,10,12,5,13,0,0,,122,94107
10/6/2013,83,70,56,52,44,27,66,40,13,30.13,30.07,30,10,10,10,14,5,15,0.01,4,,345,94107
10/7/2013,80,68,56,49,41,31,72,46,19,30,29.95,29.89,10,10,10,28,9,31,0,3,,295,94107
10/8/2013,72,62,52,50,47,44,77,59,41,29.92,29.84,29.74,10,10,10,20,10,24,0,2,,278,94107
10/9/2013,68,60,52,48,45,39,83,60,37,29.77,29.69,29.64,10,10,10,17,8,21,0,2,,286,94107
10/10/2013,70,62,53,52,47,43,77,61,45,30.02,29.91,29.77,10,10,10,13,5,15,0,1,,302,94107
10/11/2013,63,57,51,49,47,45,83,70,56,30.09,30.04,30,10,10,10,25,9,30,0,4,,275,94107
10/12/2013,64,56,47,50,46,42,89,71,53,30.02,29.98,29.91,10,8,0,32,13,40,0,3,Fog,252,94107
10/13/2013,73,62,51,51,47,40,89,60,31,30.07,30.01,29.94,10,10,10,22,7,26,0,1,,286,94107
10/14/2013,77,64,51,50,41,36,71,49,27,30.12,30.06,30.01,10,10,10,18,5,,0,0,,272,94107
10/15/2013,80,67,53,50,37,31,61,40,18,30.05,30.01,29.96,10,10,10,21,5,22,0,0,,294,94107
10/16/2013,80,67,53,54,42,32,63,41,19,30.09,30.05,30,10,10,10,13,4,14,0,1,,305,94107
10/17/2013,81,68,54,53,45,35,72,56,39,30.09,30.03,29.97,10,10,10,20,7,24,0,0,,306,94107
10/18/2013,68,60,51,52,48,46,83,66,48,30.06,30.02,29.99,10,10,10,23,10,25,0,1,,294,94107
10/19/2013,74,62,49,52,48,45,86,65,44,30.09,30.04,30,10,10,10,21,9,23,0,0,,301,94107
10/20/2013,64,57,49,52,47,45,93,77,60,30.03,29.99,29.92,10,8,0,22,11,26,0,2,Fog,290,94107
10/21/2013,61,55,48,50,47,45,93,80,67,30.03,29.98,29.93,10,10,7,21,9,25,0,3,,284,94107
10/22/2013,64,56,47,51,48,46,100,82,64,30.03,29.99,29.93,10,5,0,21,10,25,0,5,Fog,281,94107
10/23/2013,61,55,49,51,48,46,93,83,72,30,29.96,29.91,10,7,2,23,9,28,0,6,Fog,282,94107
10/24/2013,60,57,53,48,47,45,83,73,62,30.12,30.05,29.99,10,10,8,15,9,20,0,6,,269,94107
10/25/2013,67,59,50,50,47,45,86,69,52,30.18,30.13,30.09,10,10,10,21,9,24,0,4,,263,94107
10/26/2013,70,60,49,53,48,43,89,67,44,30.15,30.09,30.02,10,10,10,22,9,25,0,1,Fog,292,94107
10/27/2013,60,55,50,49,47,45,89,76,62,30.04,29.9,29.69,10,10,10,43,18,51,T,6,Rain,267,94107
10/28/2013,61,57,52,48,46,44,83,69,55,29.86,29.75,29.69,10,10,10,36,15,43,0,5,,263,94107
10/29/2013,63,58,52,48,45,42,83,66,48,30.06,29.97,29.87,10,10,10,17,7,21,0,4,,256,94107
10/30/2013,65,57,48,50,45,42,83,66,48,30.16,30.11,30.07,10,10,10,18,7,22,0,2,,286,94107
10/31/2013,70,59,48,51,43,38,71,54,37,30.19,30.13,30.08,10,10,10,14,4,,0,0,,300,94107
11/1/2013,74,63,51,53,45,41,77,57,37,30.14,30.08,30.01,10,10,10,15,4,18,0,0,,315,94107
11/2/2013,63,57,50,51,47,41,89,73,56,30.03,29.99,29.93,10,9,2,28,13,33,0,3,,284,94107
11/3/2013,63,55,47,45,41,34,77,56,34,30.06,29.99,29.94,10,10,10,22,9,24,0,4,,277,94107
11/4/2013,67,56,44,43,39,32,80,56,31,30.07,30,29.94,10,10,10,23,9,28,0,0,,286,94107
11/5/2013,71,61,50,45,38,29,66,44,22,30.22,30.16,30.08,10,10,10,15,4,17,0,1,,279,94107
11/6/2013,70,61,51,49,42,36,72,52,31,30.26,30.21,30.16,10,10,9,5,0,6,0,5,,68,94107
11/7/2013,71,64,56,51,46,40,80,61,42,30.18,30.13,30.09,10,10,9,22,8,26,0,4,,284,94107
11/8/2013,70,60,50,53,48,40,100,72,43,30.1,30.05,29.98,10,7,0,24,8,26,0,2,Fog,269,94107
11/9/2013,66,57,48,53,47,40,80,64,48,30.05,30.01,29.97,10,10,9,12,3,14,0,1,,334,94107
11/10/2013,64,58,51,51,48,45,83,72,60,30.13,30.09,30.04,10,10,9,13,5,16,0,3,,269,94107
11/11/2013,62,58,54,51,49,46,83,72,60,30.17,30.13,30.09,10,9,6,12,5,15,0,7,,76,94107
11/12/2013,70,64,57,53,50,46,77,62,47,30.27,30.23,30.17,10,10,10,18,7,22,T,4,,312,94107
11/13/2013,68,60,52,55,51,47,93,77,60,30.25,30.18,30.12,10,10,9,23,8,26,0,3,Fog,303,94107
11/14/2013,61,56,51,52,49,45,96,84,71,30.13,30.03,29.9,10,10,8,29,13,37,0,5,,266,94107
11/15/2013,65,58,50,46,44,41,83,66,48,29.89,29.82,29.76,10,10,10,35,12,40,0,1,,268,94107
11/16/2013,62,56,49,50,46,42,83,67,51,29.94,29.86,29.79,10,10,10,26,14,35,0,2,,273,94107
11/17/2013,63,56,49,49,45,42,89,69,48,30.1,30.03,29.94,10,10,10,13,6,16,0,4,,245,94107
11/18/2013,60,53,46,46,44,40,82,69,55,30.16,30.12,30.1,10,10,10,15,5,18,0,5,,199,94107
11/19/2013,61,58,54,55,50,45,93,80,66,30.1,30.03,29.95,10,9,6,14,7,16,0.28,7,Rain,131,94107
11/20/2013,59,55,51,56,53,47,93,90,86,29.94,29.9,29.85,10,9,4,22,7,24,0.63,7,Rain,239,94107
11/21/2013,62,56,50,49,42,32,93,64,35,29.99,29.94,29.91,10,10,9,32,11,39,T,5,Rain,349,94107
11/22/2013,69,63,57,39,32,25,40,30,19,30.03,29.97,29.91,10,10,10,26,14,32,0,1,,47,94107
11/23/2013,65,58,50,45,38,31,71,50,28,30.11,30.04,29.97,10,10,10,22,5,32,0,0,,79,94107
11/24/2013,60,53,45,49,43,39,86,70,53,30.26,30.19,30.12,10,10,10,9,3,10,0,0,,319,94107
11/25/2013,61,53,44,46,43,38,86,70,53,30.33,30.28,30.25,10,10,9,7,2,10,0,1,,180,94107
11/26/2013,62,55,47,47,44,39,86,65,43,30.27,30.16,30.04,10,9,6,7,2,8,0,5,,100,94107
11/27/2013,62,55,48,49,45,41,86,69,52,30.03,29.92,29.85,10,9,7,7,1,7,0,5,,137,94107
11/28/2013,66,58,49,51,44,37,83,64,44,30.08,29.96,29.88,10,9,7,16,4,18,0,3,,280,94107
11/29/2013,62,54,46,51,45,38,77,70,63,30.22,30.15,30.09,10,10,9,24,3,28,0,0,Fog,316,94107
11/30/2013,63,54,45,51,47,41,93,79,65,30.28,30.25,30.19,10,6,0,15,4,20,0,3,Fog,303,94107
12/1/2013,67,57,46,50,46,41,86,66,46,30.35,30.27,30.22,10,10,9,14,4,16,0,1,,308,94107
12/2/2013,62,54,46,54,49,44,96,80,64,30.22,30.1,29.99,10,8,0,33,14,38,T,5,Fog-Rain,277,94107
12/3/2013,56,51,46,54,38,25,93,69,45,29.98,29.92,29.87,10,10,4,24,14,31,0,4,,285,94107
12/4/2013,52,46,39,31,26,21,62,46,30,30.09,30.04,29.96,10,10,10,14,5,16,0,0,,309,94107
12/5/2013,51,43,35,31,24,18,64,45,26,30.18,30.14,30.09,10,10,10,12,4,14,0,0,,196,94107
12/6/2013,53,45,37,48,37,31,80,65,50,30.19,30.1,29.94,10,10,6,30,9,43,0.29,6,Rain,180,94107
12/7/2013,52,45,38,48,32,24,89,63,36,30.25,30.09,29.94,10,10,3,29,13,36,0.06,3,Rain,293,94107
12/8/2013,47,42,36,31,24,17,70,53,36,30.33,30.28,30.24,10,10,10,22,10,24,0,2,,64,94107
12/9/2013,52,44,36,31,23,18,70,49,28,30.43,30.37,30.32,10,10,10,20,8,23,0,0,,113,94107
12/10/2013,52,43,34,35,30,27,70,56,42,30.4,30.3,30.22,10,10,10,10,3,13,0,2,,138,94107
12/11/2013,57,48,38,36,32,27,85,60,35,30.25,30.21,30.18,10,10,10,14,3,16,0,1,,130,94107
12/12/2013,54,46,38,44,35,29,86,67,48,30.27,30.23,30.18,10,10,7,16,4,20,0,1,,278,94107
12/13/2013,53,47,40,45,41,38,89,76,63,30.34,30.28,30.25,10,9,7,12,4,14,0,2,,353,94107
12/14/2013,61,50,39,42,37,33,85,61,36,30.4,30.35,30.32,10,10,8,9,2,10,0,1,,263,94107
12/15/2013,60,50,40,44,38,34,76,60,43,30.36,30.3,30.24,10,9,7,10,2,12,0,3,,102,94107
12/16/2013,65,54,43,44,37,33,77,54,31,30.23,30.18,30.13,10,10,10,10,2,13,0,5,,113,94107
12/17/2013,59,53,46,46,41,36,77,60,43,30.18,30.11,30.04,9,6,5,7,3,8,0,6,,96,94107
12/18/2013,57,51,44,46,43,38,77,72,66,30.03,29.91,29.8,10,9,6,35,12,40,0,6,,274,94107
12/19/2013,59,53,47,43,36,23,77,52,27,29.94,29.83,29.74,10,10,10,36,12,43,0,2,,306,94107
12/20/2013,60,50,40,43,32,21,71,50,29,30.02,29.98,29.94,10,10,10,15,5,18,0,1,,257,94107
12/21/2013,60,54,47,47,45,43,86,74,62,30.09,30.03,29.98,10,10,10,17,7,21,0,1,,288,94107
12/22/2013,65,54,43,47,42,37,89,64,39,30.29,30.21,30.1,10,10,10,9,1,10,0,1,,337,94107
12/23/2013,60,52,44,45,40,37,80,64,47,30.4,30.35,30.3,10,9,7,8,1,9,0,1,,32,94107
12/24/2013,59,52,45,47,41,38,76,64,51,30.34,30.27,30.21,10,9,7,8,2,24,0,2,,308,94107
12/25/2013,63,53,42,44,40,36,76,60,43,30.29,30.25,30.2,10,10,9,6,1,8,0,0,,218,94107
12/26/2013,62,53,43,46,41,38,83,63,43,30.26,30.22,30.17,10,9,7,7,1,8,0,0,,24,94107
12/27/2013,57,50,43,45,41,37,76,64,51,30.24,30.19,30.13,10,10,8,8,2,9,0,4,,60,94107
12/28/2013,63,52,40,45,38,29,85,59,32,30.16,30.1,30.04,10,10,9,10,2,13,0,0,,262,94107
12/29/2013,68,55,42,37,29,16,71,43,14,30.18,30.13,30.1,10,10,10,13,3,26,0,0,,129,94107
12/30/2013,59,51,42,46,40,33,86,65,43,30.26,30.22,30.18,10,10,9,13,3,15,0,3,,312,94107
12/31/2013,59,50,41,45,40,35,93,73,53,30.28,30.22,30.17,10,7,0,13,3,15,0,3,Fog,278,94107
1/1/2014,56,49,41,45,40,36,83,69,55,30.22,30.17,30.13,10,9,7,9,1,10,0,3,,290,94107
1/2/2014,62,53,43,45,39,34,80,58,36,30.18,30.11,30.06,10,10,10,6,1,6,0,3,,146,94107
1/3/2014,64,54,44,46,41,34,80,59,37,30.08,30.02,29.96,10,10,9,14,4,16,0,3,,297,94107
1/4/2014,66,55,43,46,42,33,93,65,36,30.09,30.02,29.99,10,6,0,15,2,18,0,2,Fog,266,94107
1/5/2014,66,55,44,38,32,27,65,45,24,30.21,30.16,30.09,10,10,10,14,5,15,0,0,,125,94107
1/6/2014,60,52,44,45,40,32,71,61,51,30.28,30.21,30.17,10,10,7,9,2,10,0,5,,75,94107
1/7/2014,61,54,46,52,45,39,86,70,53,30.22,30.18,30.14,10,9,7,15,4,17,T,5,Rain,304,94107
1/8/2014,59,56,52,51,48,46,86,79,72,30.24,30.2,30.16,10,9,3,20,9,24,0.01,7,,281,94107
1/9/2014,60,56,52,50,47,43,89,73,57,30.27,30.23,30.2,10,10,5,25,12,31,T,5,,287,94107
1/10/2014,60,54,48,48,46,43,89,75,60,30.31,30.25,30.19,10,9,6,15,6,17,0,4,,310,94107
1/11/2014,58,52,46,51,46,42,93,83,72,30.3,30.23,30.16,10,10,6,18,6,22,T,4,,281,94107
1/12/2014,60,53,46,47,42,36,93,70,47,30.4,30.33,30.27,10,10,7,17,7,20,0,2,,313,94107
1/13/2014,67,55,42,44,37,32,71,50,28,30.47,30.4,30.35,10,10,10,18,3,22,0,1,,88,94107
1/14/2014,72,58,44,42,37,26,71,45,19,30.45,30.38,30.32,10,10,10,12,2,15,0,0,,134,94107
1/15/2014,73,61,48,40,34,25,71,44,17,30.35,30.27,30.2,10,10,10,10,3,13,0,0,,131,94107
1/16/2014,73,60,46,44,35,27,71,45,19,30.24,30.18,30.13,10,10,10,8,2,10,0,0,,125,94107
1/17/2014,67,56,45,45,39,35,71,53,34,30.2,30.15,30.11,10,9,5,5,1,7,0,0,,128,94107
1/18/2014,67,55,43,47,39,32,77,57,36,30.18,30.11,30.06,10,9,7,7,1,12,0,0,,128,94107
1/19/2014,67,55,43,44,38,34,76,54,32,30.14,30.1,30.06,10,10,8,7,2,7,0,1,,110,94107
1/20/2014,66,55,43,48,41,34,76,60,43,30.23,30.17,30.12,10,9,7,9,2,9,0,1,,354,94107
1/21/2014,68,56,43,44,37,25,76,48,20,30.27,30.21,30.16,10,10,10,12,2,13,0,3,,258,94107
1/22/2014,65,55,44,47,41,31,77,64,51,30.17,30.05,29.93,10,10,10,18,5,22,0,1,,304,94107
1/23/2014,69,57,44,47,38,27,80,51,21,30.02,29.93,29.88,10,9,7,17,5,21,0,0,,61,94107
1/24/2014,64,55,46,47,41,32,80,56,32,30.28,30.16,30.03,10,8,4,9,3,9,0,3,,5,94107
1/25/2014,65,57,48,48,43,34,83,60,37,30.27,30.19,30.13,10,9,7,12,2,13,0,2,,281,94107
1/26/2014,66,57,48,48,43,33,83,65,46,30.14,30.09,30.03,10,10,9,21,6,24,0,3,,317,94107
1/27/2014,59,54,48,48,46,43,83,73,62,30.21,30.15,30.08,10,10,7,18,6,20,0,6,,301,94107
1/28/2014,65,59,53,57,53,47,90,81,72,30.27,30.22,30.2,10,10,2,17,5,21,0,7,,290,94107
1/29/2014,63,59,54,57,54,50,93,89,84,30.2,30.11,30,10,10,7,20,8,22,T,8,Rain,282,94107
1/30/2014,58,55,52,51,48,46,93,80,67,29.98,29.91,29.88,10,10,9,30,14,38,T,6,Rain,267,94107
1/31/2014,60,54,47,46,42,36,86,63,39,30.09,30.04,29.92,10,10,9,32,12,38,0,1,,285,94107
2/1/2014,59,51,42,43,39,36,82,63,43,30.17,30.12,30.08,10,10,10,20,6,23,0,1,,270,94107
2/2/2014,58,53,47,44,42,36,86,74,61,30.04,29.92,29.85,10,8,4,29,12,33,0.85,7,Rain,111,94107
2/3/2014,56,51,46,43,41,39,82,69,55,30.09,30.04,29.99,10,10,10,25,11,32,0,3,,306,94107
2/4/2014,55,50,44,44,40,36,83,67,50,30.17,30.12,30.09,10,10,10,21,7,23,0,4,,288,94107
2/5/2014,55,49,43,46,42,38,86,73,59,30.21,30.15,30.06,10,10,10,17,7,24,0.09,6,Rain,255,94107
2/6/2014,52,50,48,52,48,42,100,90,80,30.05,29.96,29.91,10,8,2,20,7,23,0.64,8,Rain,100,94107
2/7/2014,56,54,51,54,51,49,100,92,83,30.08,30.04,30,10,9,3,31,11,40,0.23,8,Rain,152,94107
2/8/2014,59,56,53,58,55,49,100,92,83,30.15,30.1,30.06,10,5,2,28,13,37,0.42,8,Rain,164,94107
2/9/2014,59,57,55,58,56,52,100,92,83,30.16,30.12,30.06,10,6,2,21,9,26,0.35,8,Rain,174,94107
2/10/2014,57,54,51,54,52,50,100,93,86,30.29,30.23,30.14,10,9,2,17,10,20,T,7,Rain,274,94107
2/11/2014,56,53,49,51,49,48,100,92,83,30.26,30.22,30.18,10,10,7,22,9,26,0,6,,287,94107
2/12/2014,56,51,46,51,48,45,100,92,83,30.29,30.24,30.2,10,7,0,18,6,22,0,6,Fog,278,94107
2/13/2014,67,59,50,57,53,50,100,87,73,30.23,30.17,30.11,10,6,0,15,8,20,0,6,Fog,288,94107
2/14/2014,66,61,56,55,54,50,100,80,60,30.18,30.13,30.06,10,8,2,14,5,16,0,7,,293,94107
2/15/2014,62,57,52,55,52,49,93,83,72,30.05,30.02,30,10,10,7,17,5,21,T,7,Rain,174,94107
2/16/2014,63,57,50,54,47,40,93,68,43,30.21,30.14,30.06,10,10,6,20,8,23,0.01,3,,292,94107
2/17/2014,61,54,46,49,45,42,86,69,51,30.19,30.16,30.11,10,10,10,21,10,25,0,3,,280,94107
2/18/2014,62,55,48,53,49,45,93,80,67,30.2,30.15,30.12,10,10,5,22,8,25,0,5,,272,94107
2/19/2014,62,57,51,54,48,43,93,72,51,30.22,30.16,30.12,10,10,10,23,14,26,0.01,4,,276,94107
2/20/2014,67,56,45,47,44,41,86,65,43,30.22,30.17,30.12,10,10,9,18,6,22,0,4,,277,94107
2/21/2014,69,58,47,51,46,40,86,61,35,30.12,30.06,30,10,10,10,22,7,26,0,1,,282,94107
2/22/2014,66,56,46,52,48,43,93,78,63,30.03,29.99,29.94,10,10,10,23,9,28,0,2,,286,94107
2/23/2014,63,55,46,52,47,44,93,81,69,30.04,30,29.96,10,9,6,23,8,26,0,3,,268,94107
2/24/2014,71,58,45,53,47,41,89,65,40,30.01,29.96,29.91,10,10,10,17,6,21,0,1,,302,94107
2/25/2014,62,55,48,53,48,45,89,78,67,29.99,29.95,29.92,10,9,7,20,6,23,0,6,,215,94107
2/26/2014,60,57,54,56,52,47,93,80,67,29.96,29.84,29.69,10,9,4,31,15,39,0.43,8,Rain,147,94107
2/27/2014,62,58,55,52,51,51,89,81,67,29.91,29.85,29.78,10,10,8,17,15,35,0.22,8,Rain,205,94107
2/28/2014,63,59,55,54,50,43,86,65,43,29.5,29.43,29.39,10,8,1,26,13,33,0.74,8,rain,208,94107
8/29/2013,80,71,62,63,59,57,94,79,48,30.07,30.02,29.97,10,10,10,14,6,17,0,5,,313,94063
8/30/2013,86,74,62,64,59,54,94,73,35,30.08,30.01,29.93,10,10,10,15,2,17,0,2,,292,94063
8/31/2013,77,68,59,59,56,55,88,72,50,30,29.96,29.92,10,10,10,13,4,,0,1,,324,94063
9/1/2013,80,71,62,61,57,55,82,72,42,29.97,29.94,29.89,10,10,10,13,5,17,0,3,,294,94063
9/2/2013,77,70,64,64,61,57,88,79,57,29.98,29.94,29.9,10,10,10,13,6,17,0,4,,291,94063
9/3/2013,77,68,59,59,55,48,83,71,36,30.02,29.98,29.96,10,10,10,16,5,20,0,0,,284,94063
9/4/2013,75,68,60,57,56,50,82,73,41,30.05,30.01,29.98,10,10,10,17,6,23,0,1,,277,94063
9/5/2013,75,68,62,57,55,50,82,70,41,30.03,30,29.98,10,10,10,21,8,25,0,3,,279,94063
9/6/2013,89,73,57,59,51,45,88,60,24,30.01,29.94,29.83,10,10,10,10,1,,0,0,,295,94063
9/7/2013,91,78,64,61,52,46,77,55,23,29.89,29.85,29.8,10,10,10,12,3,,0,0,,327,94063
9/8/2013,78,68,59,61,57,54,88,77,44,29.89,29.85,29.76,10,10,10,8,3,,0,0,,350,94063
9/9/2013,87,73,59,63,57,48,88,77,25,29.83,29.78,29.72,10,10,10,12,3,,0,0,,336,94063
9/10/2013,77,70,62,63,57,55,88,76,50,29.91,29.81,29.76,10,10,10,16,3,17,0,3,,298,94063
9/11/2013,75,67,59,59,56,54,82,74,53,30,29.95,29.91,10,10,10,18,4,23,0,2,,267,94063
9/12/2013,75,68,60,61,57,55,88,78,57,30,29.96,29.9,10,10,10,20,3,18,0,5,,297,94063
9/13/2013,75,67,59,59,55,52,88,77,50,29.93,29.88,29.8,10,10,10,15,6,,0,4,,294,94063
9/14/2013,66,62,57,57,55,54,94,82,68,29.86,29.82,29.78,10,10,10,14,9,20,0,5,,266,94063
9/15/2013,77,68,59,59,56,54,83,77,47,29.89,29.83,28.98,10,10,10,15,6,20,0,5,,283,94063
9/16/2013,77,68,59,61,57,54,94,80,47,29.91,29.88,29.83,10,10,10,17,4,23,0,3,,283,94063
9/17/2013,69,64,60,55,53,50,82,70,49,29.9,29.88,29.87,10,10,10,25,9,32,0,3,,281,94063
9/18/2013,82,68,55,55,49,41,77,63,23,29.98,29.88,29.84,10,10,10,12,3,,0,0,,264,94063
9/19/2013,86,70,53,57,48,45,82,60,23,29.87,29.83,29.75,10,10,10,12,2,,0,0,,324,94063
9/20/2013,75,67,59,59,54,46,88,71,53,29.89,29.83,29.8,10,10,10,14,4,22,0,5,,240,94063
9/21/2013,66,62,59,59,57,55,88,81,68,29.92,29.86,29.83,10,9,2,12,6,,0,4,Rain,216,94063
9/22/2013,71,63,55,55,53,48,94,78,43,30.02,29.97,29.91,10,10,10,15,5,23,0,1,,296,94063
9/23/2013,80,68,55,57,53,50,82,68,39,30.04,29.99,29.95,10,10,10,14,4,20,0,0,,288,94063
9/24/2013,71,65,59,55,52,46,82,66,43,30.02,29.97,29.94,10,10,10,23,7,31,0,1,,292,94063
9/25/2013,66,60,55,61,48,41,88,67,42,29.96,29.92,29.86,10,10,10,20,12,29,0,0,,294,94063
9/26/2013,73,64,55,46,41,32,72,53,22,29.99,29.91,29.86,10,10,10,14,5,17,0,0,,287,94063
9/27/2013,77,64,51,48,40,28,77,50,17,30.11,30.05,30,10,10,10,12,1,,0,1,,279,94063
9/28/2013,80,66,53,64,45,36,82,58,20,30.11,30.07,30.01,10,10,10,16,3,,0,0,,297,94063
9/29/2013,75,65,55,59,55,50,88,76,50,30.13,30.1,30.06,10,10,10,12,3,16,0,1,,295,94063
9/30/2013,73,66,60,61,55,41,88,73,45,30.09,30.05,29.98,10,10,9,14,4,17,0,4,,2772,94063
10/1/2013,71,64,57,50,47,41,77,62,41,30.04,29.99,29.94,10,10,8,13,7,,0,3,,287,94063
10/2/2013,71,63,55,55,45,39,77,62,37,30.03,29.98,29.94,10,10,10,20,4,22,0,1,,298,94063
10/3/2013,71,63,55,41,38,32,58,45,25,30.09,30.03,29.96,10,10,10,15,8,16,0,0,,302,94063
10/4/2013,77,68,59,48,38,32,51,38,21,30.1,30.04,29.99,10,10,10,16,6,,0,0,,22,94063
10/5/2013,82,68,55,46,33,25,51,33,12,30.21,30.14,30.11,10,10,10,7,1,,0,0,,236,94063
10/6/2013,82,68,53,55,37,23,68,41,11,30.13,30.07,30.01,10,10,10,12,1,,0,2,,335,94063
10/7/2013,82,68,55,52,39,32,63,43,16,30.01,29.96,29.89,10,10,10,12,2,,0,1,,292,94063
10/8/2013,73,62,51,54,46,39,82,65,35,29.92,29.85,29.75,10,10,8,15,2,,0,2,,279,94063
10/9/2013,68,59,50,50,44,37,87,66,37,29.78,29.7,29.65,10,10,7,10,2,,0,3,,253,94063
10/10/2013,68,59,50,50,45,41,77,66,49,30.03,29.89,29.77,10,10,10,14,2,,0,1,,287,94063
10/11/2013,64,58,51,52,47,45,88,77,56,30.1,30.04,30,10,9,6,10,2,,0,4,,316,94063
10/12/2013,66,56,46,54,47,45,94,79,46,30.03,29.99,29.93,10,9,2,13,3,21,0,2,,275,94063
10/13/2013,73,62,50,52,46,37,87,68,29,30.08,30,29.95,10,10,10,12,3,,0,0,,328,94063
10/14/2013,77,64,50,46,40,32,82,53,19,30.13,30.07,30,10,10,10,9,1,,0,0,,290,94063
10/15/2013,78,64,50,45,37,30,76,44,17,30.06,30.02,29.95,10,10,10,10,1,,0,0,,279,94063
10/16/2013,80,66,53,54,38,32,72,45,17,30.1,30.05,30,10,10,10,9,1,,0,0,,318,94063
10/17/2013,78,66,53,54,40,27,72,49,15,30.09,30.04,29.97,10,10,10,9,1,,0,0,,346,94063
10/18/2013,71,60,50,55,46,37,82,67,46,30.07,30.03,29.99,10,10,8,8,1,,0,0,,1,94063
10/19/2013,77,64,50,57,48,45,87,72,32,30.09,30.04,30,10,10,8,8,1,,0,0,,343,94063
10/20/2013,68,58,48,54,48,45,94,81,52,30.05,30,29.93,10,9,2,9,3,,0,1,,325,94063
10/21/2013,62,55,48,52,48,45,94,83,63,30.03,29.98,29.93,10,9,6,8,1,,0,3,,1,94063
10/22/2013,66,57,48,55,49,45,100,86,59,30.04,30,29.94,10,8,2,10,2,,0,3,,341,94063
10/23/2013,62,56,50,54,48,32,100,86,47,30,29.97,29.92,10,7,2,9,2,,0,5,,330,94063
10/24/2013,59,54,50,50,48,46,88,82,67,30.13,30.05,30,10,10,7,12,5,16,0,5,,299,94063
10/25/2013,66,57,48,54,48,45,93,80,56,30.18,30.14,30.09,10,10,5,9,1,,0,4,,355,94063
10/26/2013,71,60,48,55,48,46,94,80,41,30.16,30.11,30.02,10,10,6,7,1,,0,0,,331,94063
10/27/2013,59,52,46,50,47,43,94,81,67,30.05,29.93,29.72,10,10,9,26,4,40,0,3,,265,94063
10/28/2013,60,56,53,50,47,41,82,72,51,29.87,29.76,29.7,10,10,8,25,15,31,0,7,,270,94063
10/29/2013,60,55,50,52,47,43,88,76,52,30.07,29.97,29.87,10,10,7,10,3,,0,5,Rain,248,94063
10/30/2013,66,55,44,48,43,39,93,74,43,30.17,30.11,30.07,10,10,10,9,1,,0,0,,333,94063
10/31/2013,71,58,46,50,42,39,81,65,33,30.19,30.14,30.08,10,10,10,6,1,,0,0,,338,94063
11/1/2013,71,60,48,52,44,39,82,66,31,30.15,30.09,30.02,10,10,10,7,1,,0,0,,26,94063
11/2/2013,68,58,48,52,45,41,82,71,52,30.04,30,29.94,10,10,10,14,2,16,0,1,,298,94063
11/3/2013,62,54,46,46,40,23,87,66,22,30.07,30,29.94,10,10,10,12,3,,0,2,,305,94063
11/4/2013,66,55,44,41,36,27,81,56,24,30.08,29.99,29.94,10,10,10,12,3,,0,0,,304,94063
11/5/2013,69,58,46,46,36,32,71,49,25,30.23,30.15,30.08,10,10,9,7,2,,0,0,,307,94063
11/6/2013,69,58,48,48,40,37,71,55,31,30.27,30.21,30.17,10,10,9,5,1,,0,1,,329,94063
11/7/2013,68,60,53,50,44,39,82,62,42,30.19,30.14,30.09,10,10,7,9,1,,0,1,,355,94063
11/8/2013,71,60,50,55,47,39,100,79,41,30.11,30.06,29.98,10,8,0,9,1,,0,2,Fog,328,94063
11/9/2013,68,57,46,54,45,41,93,77,43,30.06,30.02,29.98,10,10,10,7,1,,0,2,,299,94063
11/10/2013,62,54,46,50,47,45,94,85,63,30.13,30.09,30.05,10,9,4,7,1,,0,3,,260,94063
11/11/2013,62,56,51,54,50,48,88,80,63,30.18,30.13,30.09,10,8,4,9,3,,0,5,,338,94063
11/12/2013,69,62,55,54,49,45,94,71,46,30.27,30.23,30.16,10,10,10,7,3,,0,2,,325,94063
11/13/2013,73,62,50,55,50,46,94,83,38,30.27,30.2,30.13,10,10,10,7,1,,0,1,,334,94063
11/14/2013,62,56,50,54,48,41,100,80,55,30.14,30.05,29.91,10,8,1,15,3,17,0,5,,298,94063
11/15/2013,64,55,46,46,43,34,82,69,32,29.91,29.84,29.76,10,10,10,16,9,23,0,0,,282,94063
11/16/2013,66,56,46,50,45,41,88,77,48,29.95,29.86,29.8,10,10,10,15,4,20,0,1,,249,94063
11/17/2013,59,52,46,48,45,41,93,82,55,30.11,30.02,29.95,10,10,10,10,1,,0,1,,222,94063
11/18/2013,59,52,44,48,43,41,87,79,59,30.16,30.12,30.1,10,10,10,12,2,,0,3,,203,94063
11/19/2013,59,54,50,55,50,45,94,85,72,30.12,30.05,29.96,10,9,3,7,1,,0.03,7,Rain,134,94063
11/20/2013,60,55,50,59,54,50,100,95,82,29.98,29.92,29.86,10,10,2,10,2,,0,7,Rain,223,94063
11/21/2013,62,56,50,50,43,28,94,70,32,30.01,29.95,29.92,10,10,3,22,4,26,0,5,Rain,314,94063
11/22/2013,66,57,48,41,28,16,62,37,19,30.05,29.99,29.92,10,10,10,17,5,22,0,1,,15,94063
11/23/2013,64,54,44,46,37,32,87,62,34,30.12,30.04,29.98,10,10,10,8,2,,0,0,,224,94063
11/24/2013,62,53,44,45,41,39,93,76,45,30.26,30.18,30.12,10,10,10,7,1,,0,0,,10,94063
11/25/2013,60,50,41,48,41,39,93,77,48,30.34,30.28,30.26,10,10,10,5,0,,0,0,,160,94063
11/26/2013,60,53,46,46,43,41,93,77,51,30.27,30.18,30.04,10,9,5,6,1,,0,2,,113,94063
11/27/2013,62,54,46,46,44,41,87,76,52,30.04,29.94,29.86,10,8,5,6,1,,0,2,,268,94063
11/28/2013,66,57,48,48,44,41,93,75,40,30.09,29.96,29.88,10,8,5,7,1,,0,1,,325,94063
11/29/2013,64,54,44,48,42,39,87,74,48,30.23,30.15,30.09,10,10,10,9,1,,0,0,,326,94063
11/30/2013,60,52,44,54,44,41,88,80,63,30.28,30.25,30.2,10,9,6,7,1,,0,1,,12,94063
12/1/2013,68,56,44,50,44,41,87,78,37,30.36,30.28,30.23,10,10,8,6,1,,0,0,,5,94063
12/2/2013,64,54,44,54,46,41,94,82,56,30.25,30.13,30,10,10,7,17,3,23,0,2,Fog,289,94063
12/3/2013,57,50,44,54,40,28,94,66,44,29.99,29.94,29.87,10,10,10,21,8,30,0,5,,286,94063
12/4/2013,48,42,37,30,26,23,65,52,37,30.1,30.03,29.96,10,10,10,7,3,,0,0,,322,94063
12/5/2013,50,41,32,45,24,14,93,58,24,30.19,30.14,30.1,10,10,10,6,1,,0,0,,178,94063
12/6/2013,51,42,33,48,36,28,94,80,54,30.21,30.11,29.93,10,9,2,25,4,33,0.12,5,Rain,170,94063
12/7/2013,50,44,37,46,32,23,87,65,37,30.65,30.11,29.94,10,10,7,20,8,24,0.01,3,Rain,288,94063
12/8/2013,44,38,32,32,27,21,93,72,43,30.34,30.29,30.25,10,10,10,8,1,,0,0,,196,94063
12/9/2013,50,41,32,27,20,14,70,52,25,30.43,30.38,30.34,10,10,10,9,5,,0,0,,179,94063
12/10/2013,51,42,32,37,28,25,87,71,35,30.42,30.32,30.22,10,10,10,7,0,,0,0,,286,94063
12/11/2013,55,44,33,36,31,25,87,67,33,30.26,30.22,30.19,10,10,8,6,1,,0,0,,156,94063
12/12/2013,55,44,33,41,33,28,87,73,47,30.28,30.23,30.18,10,9,7,6,0,,0,0,,55,94063
12/13/2013,55,45,35,45,36,32,87,81,62,30.35,30.29,30.25,10,10,5,7,2,,0,1,,131,94063
12/14/2013,59,48,37,43,35,32,87,74,36,30.41,30.35,30.32,10,10,10,5,0,,0,1,Fog,189,94063
12/15/2013,59,47,35,43,36,32,87,75,42,30.38,30.32,30.25,10,7,5,6,0,,0,1,,37,94063
12/16/2013,62,50,39,45,37,32,81,69,42,30.25,30.19,30.13,10,9,6,6,0,,0,2,,121,94063
12/17/2013,57,50,44,48,39,37,82,73,51,30.19,30.12,30.04,10,6,4,6,0,,0,3,,31,94063
12/18/2013,55,48,42,48,42,37,88,80,67,30.04,29.94,29.81,10,8,5,15,3,21,0,3,,256,94063
12/19/2013,57,50,44,45,36,19,82,61,28,29.96,29.82,29.75,10,10,10,25,10,31,0,2,,293,94063
12/20/2013,55,46,37,39,27,18,71,52,23,30.03,29.98,29.94,10,10,10,7,2,,0,0,,127,94063
12/21/2013,62,50,39,48,39,32,87,75,55,30.1,30.03,29.99,10,10,10,9,1,,0,0,,325,94063
12/22/2013,64,52,39,48,40,36,100,76,34,30.3,30.2,30.1,10,10,10,6,0,,0,2,,6,94063
12/23/2013,60,50,41,46,39,37,87,72,42,30.4,30.34,30.3,10,9,7,6,1,,0,0,,323,94063
12/24/2013,66,54,41,48,39,36,87,72,45,30.35,30.31,30.21,10,9,6,6,0,,0,1,,80,94063
12/25/2013,64,52,39,45,38,36,87,71,40,30.3,30.25,30.21,10,10,10,6,1,,0,0,,195,94063
12/26/2013,64,52,39,45,38,36,87,74,42,30.27,30.23,30.17,10,9,6,5,1,,0,0,,260,94063
12/27/2013,57,48,39,48,39,36,87,78,58,30.25,30.2,30.13,10,9,5,6,0,,0,1,,342,94063
12/28/2013,64,50,37,48,36,27,93,75,24,30.16,30.11,30.04,10,9,6,7,0,,0,0,,14,94063
12/29/2013,64,52,41,34,28,14,70,49,15,30.19,30.13,30.1,10,10,10,7,2,,0,0,,207,94063
12/30/2013,57,48,39,45,35,30,76,67,44,30.27,30.22,30.18,10,10,7,6,1,,0,1,,63,94063
12/31/2013,57,48,39,48,40,36,100,85,51,30.29,30.23,30.17,10,7,0,7,0,,0,3,Fog,29,94063
1/1/2014,55,47,39,45,38,36,93,82,58,30.23,30.18,30.14,10,8,4,6,0,,0,1,,54,94063
1/2/2014,60,50,41,46,38,36,87,72,42,30.19,30.13,30.06,10,10,7,6,0,,0,1,,20,94063
1/3/2014,55,48,42,46,39,36,81,72,54,30.09,30.03,29.97,10,10,9,8,1,,0,1,,359,94063
1/4/2014,62,52,41,48,39,27,100,76,38,30.09,30.03,29.99,10,8,0,6,2,,0,1,Fog,264,94063
1/5/2014,62,50,39,39,29,23,81,52,32,30.22,30.15,30.09,10,10,10,4,0,,0,0,,325,94063
1/6/2014,57,49,41,46,37,32,87,68,48,30.29,30.22,30.18,10,10,7,6,1,,0,2,,238,94063
1/7/2014,59,52,46,52,44,39,88,76,55,30.22,30.19,30.14,10,9,5,9,3,,0,3,,308,94063
1/8/2014,57,52,46,52,48,45,100,87,72,30.24,30.21,30.17,10,9,2,10,4,,0,6,,296,94063
1/9/2014,59,52,46,50,45,39,94,83,58,30.27,30.23,30.21,10,9,5,18,3,23,0,4,,245,94063
1/10/2014,59,52,44,50,44,39,94,82,63,30.32,30.25,30.19,10,10,7,7,2,,0,2,,342,94063
1/11/2014,57,50,44,50,45,41,93,86,72,30.3,30.24,30.18,10,9,6,8,2,,0,4,,269,94063
1/12/2014,59,50,41,46,41,36,100,78,44,30.4,30.33,30.28,10,10,9,12,4,,0,2,,271,94063
1/13/2014,66,54,41,46,35,32,81,57,30,30.47,30.4,30.35,10,10,10,9,2,,0,0,,205,94063
1/14/2014,69,55,41,45,33,27,81,54,20,30.46,30.39,30.33,10,10,10,13,2,,0,0,,222,94063
1/15/2014,69,56,44,41,33,28,71,52,25,30.36,30.28,30.21,10,10,10,6,2,,0,0,,197,94063
1/16/2014,69,56,42,41,34,30,71,55,25,30.25,30.19,30.13,10,10,9,5,1,,0,0,,152,94063
1/17/2014,62,52,42,46,36,32,71,60,45,30.2,30.15,30.12,10,9,6,7,1,,0,0,,344,94063
1/18/2014,62,52,41,46,37,32,87,67,48,30.18,30.12,30.07,10,8,6,7,0,,0,0,,44,94063
1/19/2014,66,52,39,43,34,32,76,61,32,30.15,30.1,30.07,10,9,6,7,0,,0,0,,333,94063
1/20/2014,64,52,41,48,36,34,81,66,39,30.24,30.17,30.12,10,8,6,6,1,,0,0,,350,94063
1/21/2014,66,54,41,41,34,30,76,60,26,30.28,30.22,30.17,10,10,10,5,0,,0,1,,24,94063
1/22/2014,64,52,41,46,36,30,82,64,45,30.18,30.07,29.94,10,10,10,7,1,,0,0,,321,94063
1/23/2014,66,54,42,43,36,28,82,60,24,30.02,29.94,29.89,10,10,7,7,1,,0,1,,264,94063
1/24/2014,60,50,41,46,40,36,87,73,55,30.25,30.12,30.02,8,6,4,4,0,,0,3,,59,94063
1/25/2014,66,56,46,46,41,37,81,55,35,30.26,30.19,30.13,10,8,5,7,1,,0,2,,41,94063
1/26/2014,68,58,48,50,44,34,88,63,28,30.14,30.09,30.04,10,10,10,6,4,,0,4,,16,94063
1/27/2014,57,52,48,50,48,46,93,83,72,30.22,30.18,30.14,10,9,6,7,4,,0,4,,104,94063
1/28/2014,66,58,50,57,51,46,94,86,68,30.28,30.23,30.2,10,10,8,13,2,,0,7,,272,94063
1/29/2014,64,60,55,57,54,46,100,90,72,30.22,30.14,30,10,8,2,14,2,,0,8,,305,94063
1/30/2014,59,55,51,50,47,43,88,76,55,30,29.93,29.89,10,10,10,14,5,20,0,7,Rain,272,94063
1/31/2014,59,52,46,45,41,27,87,70,29,30.1,30.02,29.93,10,10,10,15,6,20,0,2,,290,94063
2/1/2014,57,48,39,41,37,32,87,71,41,30.18,30.12,30.09,10,10,10,10,4,,0,0,,293,94063
2/2/2014,50,47,44,46,39,32,100,79,57,30.08,29.96,29.87,10,9,3,13,4,23,0,5,Rain,147,94063
2/3/2014,53,47,41,45,40,36,100,80,51,30.1,30.05,30,10,10,10,16,4,21,0,4,,293,94063
2/4/2014,53,46,39,43,39,34,93,79,50,30.18,30.13,30.09,10,10,10,10,3,,0,2,,261,94063
2/5/2014,55,47,39,46,41,36,93,80,54,30.22,30.16,30.07,10,10,6,10,3,16,0,5,Rain,237,94063
2/6/2014,53,50,46,50,47,45,100,92,82,30.07,29.98,29.91,10,7,2,16,6,18,0.06,8,Rain,128,94063
2/7/2014,57,54,50,50,49,48,100,87,72,30.1,30.05,30.01,10,9,3,22,5,29,0,6,Rain,171,94063
2/8/2014,60,56,53,57,53,50,100,88,77,30.17,30.12,30.06,10,8,2,17,11,24,0,8,Rain,163,94063
2/9/2014,60,58,57,57,56,55,100,93,88,30.18,30.13,30.08,10,6,2,14,9,17,0,8,Rain,196,94063
2/10/2014,59,54,50,55,51,48,100,88,72,30.29,30.22,30.13,10,9,4,10,4,,0,5,,297,94063
2/11/2014,57,52,46,50,47,45,100,92,72,30.27,30.24,30.19,10,8,0,10,2,,0,4,Fog,248,94063
2/12/2014,57,52,46,50,47,45,100,91,77,30.3,30.24,30.2,10,8,2,8,2,,0,4,,186,94063
2/13/2014,68,59,50,57,53,48,100,94,68,30.24,30.18,30.11,10,6,0,9,3,,0,4,Fog,304,94063
2/14/2014,62,56,50,55,52,48,100,88,63,30.18,30.13,30.08,10,9,2,9,2,,0,5,,301,94063
2/15/2014,60,54,48,54,50,48,100,88,72,30.07,30.03,30,10,10,5,16,2,,0,4,Rain,197,94063
2/16/2014,62,55,48,55,45,25,100,75,24,30.22,30.13,30.06,10,10,2,12,5,,0,2,Rain,287,94063
2/17/2014,59,50,42,48,43,39,87,78,48,30.2,30.15,30.11,10,10,10,13,4,,0,2,,291,94063
2/18/2014,64,54,44,50,45,43,93,80,52,30.21,30.16,30.12,10,10,10,13,2,,0,2,,298,94063
2/19/2014,62,56,48,54,47,41,94,76,45,30.22,30.17,30.13,10,10,2,14,6,18,0,4,,282,94063
2/20/2014,66,56,46,45,40,32,87,67,32,30.23,30.18,30.13,10,10,10,6,1,,0,2,,285,94063
2/21/2014,69,58,46,48,41,36,82,67,30,30.13,30.08,29.99,10,10,10,8,1,,0,1,,313,94063
2/22/2014,68,56,44,50,44,41,93,77,40,30.04,30,29.93,10,10,6,12,1,,0,2,,323,94063
2/23/2014,66,56,46,52,46,43,93,82,52,30.05,30,29.96,10,9,4,9,1,,0,3,,358,94063
2/24/2014,71,58,46,50,45,41,93,78,35,30.02,29.98,29.91,10,10,10,8,1,,0,0,,331,94063
2/25/2014,62,55,48,50,47,45,94,79,59,29.99,29.95,29.91,10,9,4,12,3,16,0,4,,299,94063
2/26/2014,59,56,53,55,50,46,94,77,67,29.97,29.87,29.7,10,9,2,17,8,25,0,7,Rain,157,94063
2/27/2014,64,60,55,54,49,45,82,69,49,29.91,29.77,29.51,10,10,5,15,7,18,0,7,Rain,184,94063
2/28/2014,62,58,53,54,51,45,94,84,52,29.51,29.44,29.39,10,7,2,28,12,37,0.16,7,Rain,144,94063
8/29/2013,78,71,64,62,61,60,87,71,54,30.08,30.04,29.99,10,10,10,20,8,23,0,4,,355,94301
8/30/2013,84,74,64,63,61,57,93,68,43,30.06,30.02,29.94,10,10,10,20,6,23,0,2,,5,94301
8/31/2013,76,69,62,61,59,57,87,71,54,30.01,29.97,29.92,10,10,10,21,8,25,0,0,,353,94301
9/1/2013,80,71,62,62,58,55,84,65,45,29.98,29.95,29.9,10,10,10,21,7,23,0,1,,354,94301
9/2/2013,76,71,65,63,61,60,87,76,64,29.99,29.95,29.91,10,10,10,20,7,22,T,5,,337,94301
9/3/2013,79,70,61,58,56,51,84,62,39,30.03,29.99,29.96,10,10,10,22,6,25,0,0,,341,94301
9/4/2013,79,70,60,59,56,54,84,65,45,30.06,30.02,29.97,10,10,10,24,6,26,0,0,,324,94301
9/5/2013,80,70,59,57,54,51,84,62,39,30.05,30.02,29.99,10,10,10,23,7,28,0,0,,335,94301
9/6/2013,88,73,57,57,54,51,84,57,29,30.02,29.93,29.84,10,10,10,14,4,17,0,0,,350,94301
9/7/2013,94,78,62,60,53,45,81,50,19,29.89,29.86,29.81,10,10,10,16,4,20,0,0,,337,94301
9/8/2013,83,73,62,60,58,54,84,62,39,29.9,29.85,29.78,10,10,10,14,4,16,0,1,,326,94301
9/9/2013,83,73,62,62,59,54,87,63,39,29.84,29.79,29.73,10,10,10,15,4,20,0,0,,334,94301
9/10/2013,78,70,62,63,59,54,90,70,50,29.92,29.82,29.76,10,10,9,17,7,21,0,3,,18,94301
9/11/2013,75,67,59,58,55,53,78,64,50,30.01,29.97,29.92,10,10,9,18,6,22,0,0,,6,94301
9/12/2013,73,67,61,60,57,55,84,73,61,30,29.97,29.91,10,10,10,18,6,22,0,4,,353,94301
9/13/2013,71,66,60,59,57,55,84,73,61,29.93,29.89,29.82,10,10,10,21,8,23,0,4,,356,94301
9/14/2013,71,65,59,57,55,53,84,75,66,29.87,29.83,29.79,10,10,10,18,6,22,0,4,,353,94301
9/15/2013,77,68,58,61,56,52,87,70,53,29.9,29.86,29.83,10,10,10,20,7,23,0,4,,338,94301
9/16/2013,80,71,61,59,57,52,90,66,42,29.92,29.88,29.83,10,10,10,22,6,25,0,3,,329,94301
9/17/2013,75,67,58,54,52,46,80,59,38,29.92,29.9,29.88,10,10,10,20,6,31,0,1,,319,94301
9/18/2013,82,69,56,56,52,48,83,58,33,29.93,29.89,29.84,10,10,10,21,6,23,0,0,,346,94301
9/19/2013,83,69,54,57,51,45,83,57,30,29.88,29.83,29.77,10,10,10,16,5,18,0,0,,349,94301
9/20/2013,77,66,55,59,55,50,86,70,54,29.9,29.86,29.81,10,10,10,16,5,20,0,3,,354,94301
9/21/2013,70,64,58,61,56,53,90,74,57,29.94,29.87,29.83,10,8,1,15,4,23,0.49,5,Rain,259,94301
9/22/2013,73,63,53,55,52,48,93,70,47,30.04,29.99,29.93,10,10,10,21,5,25,0.01,1,,330,94301
9/23/2013,81,68,55,60,53,50,83,61,39,30.04,30,29.94,10,10,10,17,5,22,0,0,,337,94301
9/24/2013,76,68,59,57,51,45,84,59,33,30.03,29.98,29.96,10,10,10,18,7,28,0,0,,303,94301
9/25/2013,70,63,56,49,45,41,72,55,37,29.97,29.92,29.86,10,10,10,20,9,26,0,0,,293,94301
9/26/2013,76,65,53,45,41,33,66,44,21,30.01,29.93,29.86,10,10,10,15,5,21,0,0,,321,94301
9/27/2013,79,65,51,49,40,34,71,45,19,30.12,30.07,30.01,10,10,10,18,3,21,0,0,,334,94301
9/28/2013,81,67,52,55,44,36,78,50,21,30.12,30.07,30.01,10,10,10,20,5,24,0,0,,334,94301
9/29/2013,76,66,55,61,55,51,87,69,50,30.13,30.1,30.07,10,10,10,16,6,20,0,0,,340,94301
9/30/2013,76,67,58,62,56,41,93,71,48,30.1,30.05,29.99,10,10,10,18,7,23,0,2,,348,94301
10/1/2013,72,63,53,53,47,41,72,58,44,30.04,30,29.95,10,10,10,18,5,22,0,0,,350,94301
10/2/2013,74,64,53,52,48,42,83,61,39,30.04,29.99,29.96,10,10,10,22,5,24,0,0,,341,94301
10/3/2013,74,63,51,44,37,31,64,43,22,30.1,30.03,29.97,10,10,10,17,7,25,0,0,,297,94301
10/4/2013,82,70,58,35,31,27,36,25,14,30.12,30.06,29.99,10,10,10,22,9,30,0,0,,6,94301
10/5/2013,85,68,51,38,34,28,54,34,14,30.22,30.15,30.11,10,10,10,10,2,12,0,0,,340,94301
10/6/2013,82,67,52,47,40,36,59,40,20,30.14,30.08,30.01,10,10,10,10,3,13,0,0,,321,94301
10/7/2013,81,67,53,52,42,29,69,43,16,30.01,29.96,29.9,10,10,10,15,4,17,0,0,,345,94301
10/8/2013,74,62,50,54,47,42,77,56,35,29.93,29.85,29.76,10,10,10,16,6,20,0,0,,354,94301
10/9/2013,69,60,50,47,45,41,77,58,39,29.78,29.7,29.66,10,10,10,16,4,18,0,2,,63,94301
10/10/2013,71,61,51,51,46,41,83,64,44,30.04,29.92,29.79,10,10,10,18,6,21,0,0,,348,94301
10/11/2013,66,57,48,51,48,45,86,73,60,30.11,30.05,30.01,10,10,9,15,4,18,0,0,,341,94301
10/12/2013,69,60,50,52,48,40,96,71,46,30.03,29.99,29.94,10,9,4,20,5,22,0,2,,344,94301
10/13/2013,74,61,48,49,45,41,86,60,33,30.09,30.02,29.96,10,10,10,14,3,20,0,0,,326,94301
10/14/2013,79,63,47,45,40,36,74,48,22,30.14,30.08,30.01,10,10,10,9,3,,0,0,,318,94301
10/15/2013,81,66,50,43,36,31,63,40,17,30.06,30.02,29.96,10,10,10,14,3,16,0,0,,325,94301
10/16/2013,81,65,49,51,39,31,59,39,18,30.1,30.06,30.02,10,10,10,12,2,16,0,0,,334,94301
10/17/2013,81,66,50,51,40,28,63,39,15,30.1,30.04,29.98,10,10,10,10,3,14,0,0,,343,94301
10/18/2013,75,63,50,53,48,42,77,56,35,30.08,30.03,30,10,10,10,12,2,13,0,0,,337,94301
10/19/2013,77,64,50,54,49,44,89,61,33,30.1,30.05,30.01,10,10,7,9,2,25,0,0,,339,94301
10/20/2013,70,61,51,53,50,46,93,73,53,30.05,30,29.94,10,7,1,13,3,14,0,4,,323,94301
10/21/2013,67,60,53,52,51,50,93,76,58,30.04,29.99,29.94,10,8,5,12,3,13,0,4,,343,94301
10/22/2013,67,60,52,54,51,48,93,76,58,30.05,30,29.95,10,8,4,10,3,25,0,4,,329,94301
10/23/2013,64,59,53,52,51,49,93,80,67,30.01,29.97,29.93,10,6,2,13,4,15,0,5,,344,94301
10/24/2013,60,55,49,50,49,46,89,77,64,30.14,30.07,30.01,10,9,5,8,3,13,0,5,,347,94301
10/25/2013,67,58,48,51,48,45,86,69,52,30.19,30.15,30.1,10,10,7,10,2,16,0,3,,349,94301
10/26/2013,73,61,48,52,49,45,93,66,38,30.17,30.11,30.04,10,10,5,10,2,14,0,0,,332,94301
10/27/2013,64,57,50,50,47,44,89,71,52,30.05,29.92,29.74,10,10,9,21,6,32,0.01,5,,295,94301
10/28/2013,64,59,53,48,45,42,77,63,48,29.88,29.76,29.71,10,10,10,18,6,28,0,5,,283,94301
10/29/2013,63,56,48,48,45,42,80,66,52,30.08,29.99,29.89,10,10,10,15,4,16,0,5,,355,94301
10/30/2013,67,56,44,48,44,41,92,67,42,30.17,30.12,30.09,10,10,10,13,3,16,0,0,,346,94301
10/31/2013,73,59,45,49,43,41,86,60,33,30.2,30.14,30.08,10,10,10,10,2,,0,0,,325,94301
11/1/2013,76,62,47,48,43,36,80,53,25,30.16,30.09,30.03,10,10,10,12,2,26,0,0,,337,94301
11/2/2013,67,57,47,52,47,41,80,68,56,30.05,30,29.95,10,10,10,15,4,17,0,0,,338,94301
11/3/2013,65,56,47,45,39,26,86,55,24,30.07,30,29.95,10,10,10,14,5,17,0,0,,305,94301
11/4/2013,68,57,45,41,34,26,76,49,22,30.09,30.01,29.94,10,10,10,13,4,16,0,0,,292,94301
11/5/2013,74,61,48,46,34,28,60,40,20,30.24,30.17,30.09,10,10,5,9,2,13,0,0,,316,94301
11/6/2013,72,60,47,43,38,31,66,46,26,30.27,30.22,30.17,10,10,10,7,2,17,0,0,,339,94301
11/7/2013,72,61,50,52,45,38,86,59,31,30.19,30.14,30.1,10,10,8,15,3,18,0,0,,2,94301
11/8/2013,69,59,49,52,49,46,93,71,49,30.12,30.06,29.99,10,8,2,12,4,22,0,3,,352,94301
11/9/2013,70,58,46,51,47,43,93,67,40,30.06,30.02,29.99,10,10,10,10,2,12,0,0,,349,94301
11/10/2013,64,55,45,51,47,43,93,75,56,30.14,30.11,30.06,10,9,5,12,2,14,0,3,,9,94301
11/11/2013,65,59,53,52,49,46,89,71,52,30.18,30.14,30.1,9,7,4,8,2,10,0,3,,29,94301
11/12/2013,70,62,53,52,48,44,80,60,40,30.28,30.25,30.18,10,10,9,12,3,15,0,0,,328,94301
11/13/2013,74,62,49,54,50,43,100,73,46,30.28,30.19,30.14,10,10,10,12,3,20,0,1,,335,94301
11/14/2013,61,56,50,53,51,46,100,86,72,30.13,30.04,29.93,10,8,5,13,3,29,0,4,,360,94301
11/15/2013,66,56,46,48,44,38,86,62,37,29.91,29.83,29.76,10,10,10,16,3,18,0,0,,355,94301
11/16/2013,63,54,44,47,43,38,83,66,48,29.96,29.88,29.81,10,10,10,14,4,17,0,0,,180,94301
11/17/2013,62,53,43,47,44,41,93,72,51,30.12,30.05,29.96,10,10,10,13,3,16,0,0,,21,94301
11/18/2013,60,52,44,47,45,42,92,74,55,30.17,30.13,30.11,10,10,10,12,3,14,0,0,,4,94301
11/19/2013,64,57,49,56,49,45,93,77,60,30.13,30.05,29.98,10,10,8,10,5,15,0.17,6,Rain,138,94301
11/20/2013,65,59,53,57,54,51,93,83,73,29.96,29.91,29.87,10,9,1,14,5,17,0.42,7,Rain,2,94301
11/21/2013,63,56,49,50,40,28,96,63,29,30.02,29.96,29.92,10,10,6,18,6,24,T,5,Rain,326,94301
11/22/2013,70,59,47,34,24,14,50,32,14,30.06,29.99,29.92,10,10,10,12,3,14,0,0,,315,94301
11/23/2013,65,53,41,41,36,30,71,50,28,30.13,30.05,29.99,10,10,10,8,1,17,0,0,,325,94301
11/24/2013,64,53,41,43,40,37,83,60,37,30.27,30.2,30.13,10,10,10,8,2,9,0,0,,343,94301
11/25/2013,65,53,41,46,41,37,86,65,44,30.35,30.29,30.27,10,10,7,9,2,20,0,0,,339,94301
11/26/2013,62,53,43,47,43,39,86,68,49,30.27,30.17,30.05,10,10,8,9,1,10,0,0,,342,94301
11/27/2013,63,54,44,47,44,40,89,70,51,30.04,29.93,29.86,10,8,5,9,1,15,0,0,,338,94301
11/28/2013,68,57,46,47,44,41,86,63,40,30.1,29.98,29.89,10,8,6,9,2,12,0,0,,338,94301
11/29/2013,68,56,43,47,42,39,86,62,37,30.24,30.16,30.11,10,10,10,9,1,10,0,0,,328,94301
11/30/2013,67,55,43,49,43,38,83,63,42,30.29,30.26,30.21,10,10,8,10,1,25,0,0,,340,94301
12/1/2013,67,54,41,47,43,39,92,68,44,30.36,30.29,30.24,10,10,8,8,1,10,0,0,,336,94301
12/2/2013,63,53,42,52,46,40,89,75,60,30.25,30.13,30.01,10,10,6,13,3,16,0,2,,320,94301
12/3/2013,56,50,43,50,39,31,83,63,43,29.99,29.94,29.88,10,10,10,17,6,22,0,3,,298,94301
12/4/2013,52,44,36,31,25,18,64,45,26,30.11,30.05,29.97,10,10,10,8,3,21,0,0,,303,94301
12/5/2013,51,40,29,25,20,14,70,46,22,30.19,30.15,30.11,10,10,10,7,2,14,0,0,,341,94301
12/6/2013,56,45,33,47,31,22,77,58,38,30.22,30.13,29.95,10,10,5,13,6,20,0.08,4,Rain,167,94301
12/7/2013,51,43,34,46,30,24,86,63,39,30.27,30.13,29.95,10,10,10,18,7,25,0.08,1,,294,94301
12/8/2013,46,39,32,31,24,19,82,60,37,30.35,30.29,30.25,10,10,10,24,6,28,0,0,,349,94301
12/9/2013,51,40,29,25,19,13,64,45,26,30.43,30.39,30.34,10,10,10,18,4,23,0,0,,5,94301
12/10/2013,53,41,29,30,26,22,76,57,38,30.42,30.31,30.23,10,10,10,7,1,10,0,0,,328,94301
12/11/2013,56,44,32,32,29,26,76,56,35,30.27,30.22,30.19,10,10,10,7,1,18,0,0,,343,94301
12/12/2013,59,46,33,37,31,27,82,58,33,30.29,30.24,30.19,10,9,7,6,1,29,0,0,,324,94301
12/13/2013,60,48,35,42,36,31,85,65,44,30.36,30.3,30.26,10,9,8,14,2,31,0,2,,314,94301
12/14/2013,61,48,34,40,34,31,85,61,36,30.42,30.36,30.33,10,10,10,7,1,15,0,0,,351,94301
12/15/2013,61,48,35,38,35,31,85,62,39,30.38,30.31,30.26,10,9,7,7,1,17,0,0,,356,94301
12/16/2013,67,53,38,39,35,33,85,57,29,30.25,30.19,30.14,10,9,7,7,1,26,0,0,,65,94301
12/17/2013,61,51,41,41,37,34,79,59,39,30.19,30.12,30.06,10,6,3,7,1,8,0,0,,346,94301
12/18/2013,58,51,43,46,42,39,86,72,57,30.04,29.93,29.82,10,8,6,10,2,26,T,0,,324,94301
12/19/2013,59,52,44,43,36,22,92,64,36,29.96,29.84,29.76,10,10,10,17,5,26,0,1,,287,94301
12/20/2013,61,50,38,28,19,4,54,32,10,30.04,30,29.96,10,10,10,9,1,10,0,0,,340,94301
12/21/2013,60,49,37,47,38,26,93,73,53,30.1,30.04,30,10,10,10,15,3,18,0,0,,358,94301
12/22/2013,68,53,37,45,38,33,100,64,27,30.3,30.21,30.11,10,8,0,8,1,13,0,1,Fog,316,94301
12/23/2013,62,51,40,43,39,35,85,66,46,30.4,30.36,30.31,10,10,7,8,2,12,0,0,,329,94301
12/24/2013,71,56,40,42,38,35,86,59,31,30.36,30.28,30.22,10,9,7,9,2,12,0,0,,292,94301
12/25/2013,65,52,38,42,38,35,85,61,37,30.31,30.26,30.21,10,10,10,7,1,9,0,0,,314,94301
12/26/2013,68,53,37,43,38,34,85,60,34,30.28,30.23,30.18,10,10,8,7,1,8,0,0,,335,94301
12/27/2013,59,49,39,42,38,34,85,68,51,30.25,30.2,30.14,10,8,5,8,1,10,0,0,,350,94301
12/28/2013,67,52,36,42,35,30,92,60,28,30.17,30.11,30.05,10,9,6,9,2,12,0,0,,331,94301
12/29/2013,68,55,41,32,26,19,62,39,16,30.19,30.14,30.11,10,10,10,10,2,16,0,0,,299,94301
12/30/2013,63,50,37,36,33,28,70,49,27,30.27,30.24,30.2,10,10,8,8,1,9,0,0,,343,94301
12/31/2013,59,49,39,43,39,35,100,80,59,30.3,30.24,30.17,10,4,0,14,2,16,0,4,Fog,317,94301
1/1/2014,59,48,36,42,36,32,85,63,40,30.23,30.19,30.14,10,8,6,8,1,12,0,0,,348,94301
1/2/2014,66,53,39,40,36,34,79,57,34,30.19,30.13,30.07,10,10,8,7,1,9,0,0,,352,94301
1/3/2014,62,52,42,40,37,34,71,55,39,30.09,30.03,29.98,10,10,8,8,1,8,0,0,,359,94301
1/4/2014,67,54,40,46,36,26,92,59,25,30.1,30.04,30,10,10,7,12,3,15,0,0,,298,94301
1/5/2014,66,51,36,35,30,25,65,46,26,30.23,30.17,30.1,10,10,10,7,1,12,0,0,,343,94301
1/6/2014,61,51,40,40,36,31,73,58,42,30.3,30.23,30.18,10,10,9,8,1,9,0,0,,355,94301
1/7/2014,62,53,43,43,41,36,80,62,43,30.23,30.19,30.15,10,9,6,9,2,9,0,2,,334,94301
1/8/2014,58,53,48,52,48,43,96,84,72,30.25,30.22,30.18,10,8,2,13,3,15,0.01,6,Rain,348,94301
1/9/2014,61,54,46,52,45,40,93,72,51,30.28,30.25,30.21,10,9,2,15,4,21,0.01,4,Rain,258,94301
1/10/2014,64,53,41,49,44,37,89,71,52,30.33,30.26,30.2,10,10,8,10,2,12,0,2,,350,94301
1/11/2014,59,52,44,49,45,40,93,80,67,30.32,30.24,30.18,10,10,8,15,2,20,0,3,,261,94301
1/12/2014,60,51,42,45,41,36,93,68,42,30.4,30.34,30.28,10,10,9,13,3,17,0,2,,293,94301
1/13/2014,68,57,45,36,34,31,65,46,26,30.48,30.41,30.37,10,10,10,8,3,14,0,0,,320,94301
1/14/2014,74,59,44,35,28,19,65,40,14,30.47,30.39,30.33,10,10,10,16,5,24,0,0,,322,94301
1/15/2014,72,58,43,35,33,31,65,44,22,30.36,30.28,30.21,10,10,8,8,1,9,0,0,,320,94301
1/16/2014,73,57,41,37,32,28,62,42,22,30.25,30.19,30.13,10,10,10,10,1,12,0,0,,332,94301
1/17/2014,68,55,41,42,35,31,65,50,34,30.21,30.16,30.12,10,9,7,8,1,13,0,0,,360,94301
1/18/2014,71,55,39,38,33,29,70,46,22,30.19,30.13,30.07,10,10,8,10,1,23,0,0,,327,94301
1/19/2014,67,53,38,38,34,29,70,48,26,30.15,30.11,30.07,10,10,7,9,1,10,0,0,,340,94301
1/20/2014,71,55,39,38,33,29,76,48,20,30.25,30.18,30.14,10,10,8,8,1,9,0,0,,352,94301
1/21/2014,68,54,40,41,34,30,67,52,36,30.29,30.23,30.18,10,10,10,8,1,9,0,0,,357,94301
1/22/2014,74,57,40,47,34,19,86,50,13,30.17,30.06,29.95,10,10,9,12,1,13,0,0,,346,94301
1/23/2014,68,55,41,41,34,29,83,54,24,30.03,29.94,29.88,10,9,6,9,2,13,0,0,,336,94301
1/24/2014,66,54,42,42,38,34,76,56,36,30.29,30.18,30.04,10,7,2,6,1,16,0,0,,350,94301
1/25/2014,72,59,45,42,37,31,76,50,23,30.29,30.21,30.14,10,10,7,9,1,12,0,0,,343,94301
1/26/2014,70,58,46,48,40,32,89,58,26,30.15,30.11,30.04,10,10,9,8,2,16,0,0,,333,94301
1/27/2014,62,55,47,49,47,46,100,80,60,30.23,30.16,30.09,10,5,0,9,2,23,0,5,Fog,264,94301
1/28/2014,66,57,48,57,52,46,90,77,63,30.28,30.23,30.21,10,10,6,13,3,15,T,4,Rain,347,94301
1/29/2014,68,62,56,58,55,46,100,82,63,30.22,30.13,30.01,10,9,4,15,5,18,0.01,5,Rain,356,94301
1/30/2014,62,58,53,50,46,39,83,65,46,29.99,29.93,29.88,10,10,7,17,5,21,0.04,5,Rain,299,94301
1/31/2014,61,53,45,46,39,26,82,55,27,30.11,30.05,29.94,10,10,10,15,5,26,0.01,2,,322,94301
2/1/2014,60,49,38,39,35,27,79,54,28,30.19,30.14,30.1,10,10,10,12,3,16,0,0,,333,94301
2/2/2014,55,49,42,43,39,35,86,75,63,30.07,29.95,29.87,10,10,7,24,7,32,0.09,5,Rain,149,94301
2/3/2014,57,50,42,42,38,35,86,67,47,30.11,30.06,30,10,10,10,15,5,20,0,2,,315,94301
2/4/2014,55,47,38,39,36,34,85,68,51,30.19,30.14,30.1,10,10,10,13,4,30,0,0,,332,94301
2/5/2014,57,47,37,43,38,32,85,66,47,30.23,30.17,30.09,10,10,10,15,5,17,0.01,4,Rain,43,94301
2/6/2014,56,52,47,49,46,44,93,82,71,30.06,29.98,29.91,10,10,7,21,8,28,0.53,8,Rain,131,94301
2/7/2014,56,53,50,50,48,45,86,79,72,30.12,30.07,30.02,10,10,10,26,9,38,0.07,6,Rain,140,94301
2/8/2014,65,60,54,54,52,49,86,77,67,30.19,30.14,30.1,10,10,10,21,11,26,0.04,7,Rain,148,94301
2/9/2014,67,63,59,54,53,52,78,71,63,30.18,30.14,30.11,10,10,9,16,7,22,0.03,7,Rain,156,94301
2/10/2014,61,57,52,55,52,50,93,83,72,30.3,30.24,30.13,10,9,2,12,4,25,0.02,6,Rain,340,94301
2/11/2014,60,55,49,52,49,46,100,81,62,30.27,30.24,30.19,10,7,0,12,3,15,0,4,Fog,328,94301
2/12/2014,61,55,49,50,48,46,93,77,60,30.31,30.25,30.2,10,9,5,10,2,14,0,3,,335,94301
2/13/2014,70,60,49,56,51,46,100,82,63,30.25,30.18,30.12,10,8,0,12,3,26,0,3,Fog,351,94301
2/14/2014,64,59,53,56,53,49,100,80,60,30.19,30.14,30.08,10,8,2,13,3,15,0,7,,327,94301
2/15/2014,64,57,50,52,50,47,93,78,63,30.07,30.04,30,10,10,10,16,3,21,0.01,2,Rain,132,94301
2/16/2014,64,57,50,54,44,30,89,60,31,30.23,30.14,30.06,10,10,4,14,5,17,0.04,2,Rain,311,94301
2/17/2014,62,52,42,46,42,37,82,65,47,30.21,30.17,30.12,10,10,10,20,4,22,0,0,,334,94301
2/18/2014,65,54,43,49,44,40,89,67,44,30.22,30.17,30.11,10,10,10,16,3,21,0,0,,348,94301
2/19/2014,65,58,50,52,46,42,93,69,44,30.23,30.17,30.13,10,10,4,17,7,20,0.01,3,Rain,315,94301
2/20/2014,69,57,45,45,40,34,80,56,31,30.22,30.18,30.13,10,10,10,13,4,17,0,0,,310,94301
2/21/2014,73,58,43,47,42,37,76,53,29,30.14,30.07,30,10,10,10,12,3,14,0,0,,342,94301
2/22/2014,71,58,44,49,44,34,86,56,26,30.04,30,29.94,10,10,10,15,4,17,0,0,,338,94301
2/23/2014,68,59,49,49,47,45,93,69,45,30.05,30.01,29.96,10,9,7,13,3,16,0,3,,337,94301
2/24/2014,74,60,45,50,45,41,86,61,35,30.02,29.97,29.91,10,10,10,13,3,15,0,0,,344,94301
2/25/2014,64,56,47,49,47,43,86,71,56,30.01,29.96,29.92,10,9,7,14,5,28,0,2,,44,94301
2/26/2014,62,58,54,56,51,46,93,80,67,29.98,29.85,29.7,10,8,2,26,10,38,0.83,7,Rain,133,94301
2/27/2014,66,60,54,51,47,44,83,66,48,29.92,29.8,29.52,10,10,8,22,8,32,0.02,3,Rain,153,94301
2/28/2014,64,59,54,54,51,46,93,73,52,29.52,29.44,29.38,10,8,2,25,10,32,1.06,7,Rain,143,94301
8/29/2013,80,70,64,65,61,58,83,72,55,30.04,30.04,29.94,10,10,10,16,5,16,0,4,,355,94041
8/30/2013,87,72,63,66,61,57,84,68,47,30.03,30.02,29.9,10,10,10,15,2,18,0,2,,5,94041
8/31/2013,78,68,59,62,58,52,83,70,55,29.97,29.97,29.88,10,10,10,14,2,20,0,0,,353,94041
9/1/2013,81,70,61,62,58,54,80,67,47,29.94,29.95,29.85,10,10,10,14,4,16,0,1,,354,94041
9/2/2013,80,71,66,64,61,58,80,70,58,29.95,29.95,29.86,10,10,10,14,4,19,0,5,,337,94041
9/3/2013,81,69,58,60,56,52,82,65,44,29.99,29.99,29.93,10,10,10,19,2,20,1.71,6,rain,341,94041
9/4/2013,82,68,56,61,55,49,81,64,43,30.04,30.02,29.94,10,10,10,15,0,20,0,0,,324,94041
9/5/2013,81,68,56,59,54,50,81,63,41,30.02,30.02,29.95,10,10,10,16,1,114,0,0,,335,94041
9/6/2013,90,71,54,62,54,47,80,57,31,29.99,29.93,29.79,10,10,10,8,0,8,0,0,,350,94041
9/7/2013,95,74,58,64,55,48,71,55,26,29.87,29.86,29.77,10,10,10,0,0,13,0,0,,337,94041
9/8/2013,85,70,60,64,58,53,81,66,46,29.87,29.85,29.74,10,10,10,5,0,9,0,1,,326,94041
9/9/2013,85,70,59,64,58,52,81,68,44,29.81,29.79,29.7,10,10,10,7,0,10,0,0,,334,94041
9/10/2013,81,70,62,62,58,54,82,68,52,29.89,29.82,29.73,10,10,9,6,0,6,0,3,,18,94041
9/11/2013,77,66,56,60,55,50,81,68,55,29.98,29.97,29.88,10,10,9,12,1,15,0,0,,6,94041
9/12/2013,75,67,61,61,57,53,78,71,60,29.98,29.97,29.88,10,10,10,14,2,18,0,4,,353,94041
9/13/2013,73,66,61,60,56,54,79,73,62,29.92,29.89,29.78,10,10,10,17,3,17,0,4,,356,94041
9/14/2013,73,64,57,60,55,50,82,71,62,29.84,29.83,29.75,10,10,10,15,2,16,0,4,,353,94041
9/15/2013,79,66,56,61,55,49,80,69,52,29.88,29.86,29.8,10,10,10,15,2,16,0,4,,338,94041
9/16/2013,81,68,60,62,56,51,83,68,45,29.9,29.88,29.78,10,10,10,17,2,18,0,3,,329,94041
9/17/2013,76,65,56,56,52,49,81,64,43,29.89,29.9,29.85,10,10,10,23,3,32,0,1,,319,94041
9/18/2013,84,66,52,58,51,46,81,62,36,29.91,29.89,29.8,10,10,10,11,2,15,0,0,,346,94041
9/19/2013,86,66,52,60,52,45,81,61,37,29.85,29.83,29.73,10,10,10,12,2,15,0,0,,349,94041
9/20/2013,78,65,52,60,54,46,81,68,54,29.87,29.86,29.78,10,10,10,16,2,18,0,3,,354,94041
9/21/2013,70,64,56,59,55,50,81,74,61,29.91,29.87,29.81,10,8,1,11,2,15,0.37,5,Rain,259,94041
9/22/2013,74,61,50,56,51,46,87,70,46,30.01,29.99,29.9,10,10,10,16,4,21,0,1,,330,94041
9/23/2013,82,66,52,59,53,46,83,65,44,30.02,30,29.91,10,10,10,15,4,18,0,0,,337,94041
9/24/2013,77,65,32,54,51,15,80,63,41,30,29.98,29.92,10,10,10,17,5,28,0,0,,303,94041
9/25/2013,72,62,55,48,46,44,73,58,42,29.94,29.92,29.83,10,10,10,28,6,28,0,0,,293,94041
9/26/2013,76,60,47,45,42,39,76,54,29,29.98,29.93,29.84,10,10,10,15,3,17,0,0,,321,94041
9/27/2013,80,61,46,48,42,38,77,52,28,30.1,30.07,29.97,10,10,10,9,1,14,0,0,,334,94041
9/28/2013,81,63,47,54,46,37,71,56,28,30.09,30.07,29.97,10,10,10,11,2,15,0,0,,334,94041
9/29/2013,77,65,53,60,54,46,82,68,52,30.11,30.1,30.03,10,10,10,19,2,19,0,0,,340,94041
9/30/2013,76,66,57,61,56,44,83,72,55,30.08,30.05,29.95,10,10,10,13,2,19,0,2,,348,94041
10/1/2013,73,62,50,54,48,42,78,62,48,30.02,30,29.91,10,10,10,18,2,18,0,0,,350,94041
10/2/2013,75,61,50,55,48,42,82,64,41,30.01,29.99,29.92,10,10,10,16,2,16,0,0,,341,94041
10/3/2013,74,60,46,46,41,37,74,52,30,30.07,30.03,29.94,10,10,10,15,4,19,0,0,,297,94041
10/4/2013,81,68,54,42,38,34,50,34,21,30.09,30.06,29.96,10,10,10,18,3,23,0,0,,6,94041
10/5/2013,85,64,47,43,39,36,66,44,20,30.19,30.15,30.08,10,10,10,11,1,12,0,0,,340,94041
10/6/2013,84,64,47,52,42,35,65,48,25,30.12,30.08,29.98,10,10,10,8,1,12,0,0,,321,94041
10/7/2013,82,64,50,52,43,38,64,48,23,29.99,29.96,29.86,10,10,10,13,2,15,0,0,,345,94041
10/8/2013,75,60,48,54,46,40,75,60,39,29.91,29.85,29.72,10,10,10,13,2,114,0,0,,354,94041
10/9/2013,70,58,49,48,44,41,77,62,43,29.76,29.7,29.63,10,10,10,14,1,18,0,2,,63,94041
10/10/2013,72,58,48,51,45,39,75,63,46,30.02,29.92,29.76,10,10,10,14,2,17,0,0,,348,94041
10/11/2013,67,55,46,53,46,40,82,72,60,30.09,30.05,29.98,10,10,9,14,2,16,0,0,,341,94041
10/12/2013,68,57,47,54,46,41,84,69,46,30.02,29.99,29.9,10,9,4,28,2,114,0,2,,344,94041
10/13/2013,74,58,45,50,45,39,84,63,38,30.07,30.02,29.94,10,10,10,14,2,114,0,0,,326,94041
10/14/2013,79,60,44,47,42,37,79,55,29,30.12,30.08,29.97,10,10,10,28,3,28,0,0,,318,94041
10/15/2013,80,61,45,44,40,36,74,50,26,30.04,30.02,29.92,10,10,10,28,2,28,0,0,,325,94041
10/16/2013,82,62,46,46,41,35,69,48,27,30.08,30.06,29.99,10,10,10,28,2,28,0,0,,334,94041
10/17/2013,81,62,46,49,42,36,69,51,24,30.08,30.04,29.94,10,10,10,28,3,28,0,0,,343,94041
10/18/2013,77,60,46,55,46,37,81,62,38,30.06,30.03,29.96,10,10,10,28,2,28,0,0,,337,94041
10/19/2013,78,60,46,57,48,39,85,65,40,30.08,30.05,29.97,10,10,7,28,1,28,0,0,,339,94041
10/20/2013,71,58,49,56,48,42,84,71,53,30.03,30,29.9,10,7,1,14,1,28,0,4,,323,94041
10/21/2013,68,58,51,54,49,44,81,73,58,30.02,29.99,29.9,10,8,5,14,1,14,0,4,,343,94041
10/22/2013,69,57,49,56,49,43,84,75,60,30.03,30,29.91,10,8,4,14,1,28,0,4,,329,94041
10/23/2013,65,57,53,54,50,48,84,78,65,29.99,29.97,29.9,10,6,2,14,1,14,0,5,,344,94041
10/24/2013,62,55,48,50,47,42,82,77,65,30.12,30.07,29.99,10,9,5,7,1,14,0,5,,347,94041
10/25/2013,68,55,44,53,46,39,86,74,55,30.18,30.15,30.07,10,10,7,14,1,14,0,3,,349,94041
10/26/2013,75,57,44,57,47,39,87,71,48,30.16,30.11,30.01,10,10,5,8,1,14,0,0,,332,94041
10/27/2013,65,55,47,51,46,41,83,73,57,30.04,29.92,29.71,10,10,9,20,3,23,0,5,,295,94041
10/28/2013,66,57,52,47,45,43,74,65,47,29.87,29.76,29.69,10,10,10,22,4,26,0,5,,283,94041
10/29/2013,63,56,48,49,45,40,77,69,57,30.06,29.99,29.87,10,10,10,8,1,14,0,5,,355,94041
10/30/2013,67,53,42,50,43,36,84,69,49,30.15,30.12,30.06,10,10,10,14,2,114,0,0,,346,94041
10/31/2013,72,55,43,50,43,36,81,66,41,30.19,30.14,30.05,10,10,10,14,1,14,0,0,,325,94041
11/1/2013,75,57,43,49,43,37,82,63,36,30.14,30.09,30,10,10,10,14,1,28,0,0,,337,94041
11/2/2013,68,54,44,54,45,37,84,71,58,30.03,30,29.92,10,10,10,14,1,14,0,0,,338,94041
11/3/2013,64,53,42,44,38,35,83,61,34,30.05,30,29.92,10,10,10,18,2,18,0,0,,305,94041
11/4/2013,66,52,40,42,36,32,80,55,32,30.07,30.01,29.92,10,10,10,13,2,14,0,0,,292,94041
11/5/2013,73,56,42,43,37,32,71,51,30,30.22,30.17,30.07,10,10,5,9,1,14,0,0,,316,94041
11/6/2013,72,56,43,45,40,34,72,56,33,30.25,30.22,30.15,10,10,10,5,1,14,0,0,,339,94041
11/7/2013,72,57,47,49,44,38,75,61,35,30.17,30.14,30.07,10,10,8,12,1,12,0,0,,2,94041
11/8/2013,69,56,46,54,46,40,85,72,54,30.09,30.06,29.95,10,8,2,14,1,14,0,3,,352,94041
11/9/2013,70,55,44,52,45,38,85,70,50,30.04,30.02,29.95,10,10,10,14,1,14,0,0,,349,94041
11/10/2013,64,54,44,51,46,38,84,75,61,30.13,30.11,30.03,10,9,5,14,1,14,0,3,,9,94041
11/11/2013,66,58,52,52,49,46,81,73,56,30.16,30.14,30.07,9,7,4,5,1,14,0,3,,29,94041
11/12/2013,71,60,50,53,48,42,78,67,48,30.26,30.25,30.15,10,10,9,14,1,14,0,0,,328,94041
11/13/2013,74,56,46,56,47,40,83,72,48,30.26,30.19,30.11,10,10,10,14,1,14,0,1,,335,94041
11/14/2013,63,56,50,53,49,44,84,77,69,30.12,30.04,29.9,10,8,5,14,1,14,0,4,,360,94041
11/15/2013,66,53,43,47,42,38,84,69,43,29.9,29.83,29.72,10,10,10,14,2,15,0,0,,355,94041
11/16/2013,64,52,43,48,42,36,82,70,52,29.93,29.88,29.78,10,10,10,14,2,16,0,0,,180,94041
11/17/2013,62,51,42,48,43,37,85,73,57,30.09,30.05,29.93,10,10,10,14,1,14,0,0,,21,94041
11/18/2013,60,51,42,48,43,37,84,74,62,30.15,30.13,30.08,10,10,10,14,1,14,0,0,,4,94041
11/19/2013,65,56,48,53,49,42,85,76,61,30.11,30.05,29.94,10,10,8,28,2,28,0.27,6,Rain,138,94041
11/20/2013,64,57,52,57,52,47,88,85,78,29.95,29.91,29.84,10,9,1,86,4,114,0.22,7,Rain,2,94041
11/21/2013,61,54,46,49,40,32,86,63,36,29.99,29.96,29.9,10,10,6,14,3,114,0,5,,326,94041
11/22/2013,67,52,40,35,32,28,68,50,26,30.04,29.99,29.89,10,10,10,6,1,7,0,0,,315,94041
11/23/2013,64,51,40,40,36,32,73,59,36,30.11,30.05,29.96,10,10,10,6,1,14,0,0,,325,94041
11/24/2013,64,49,39,46,38,32,80,67,44,30.25,30.2,30.11,10,10,10,14,1,14,0,0,,343,94041
11/25/2013,64,49,38,46,39,32,83,69,48,30.32,30.29,30.24,10,10,7,14,1,14,0,0,,339,94041
11/26/2013,63,51,42,49,41,35,83,70,54,30.26,30.17,30.03,10,10,8,14,0,14,0,0,,342,94041
11/27/2013,64,52,41,48,43,35,83,71,54,30.03,29.93,29.83,10,8,5,14,1,14,0,0,,338,94041
11/28/2013,67,54,45,48,43,39,82,69,46,30.08,29.98,29.86,10,8,6,14,2,14,0,0,,338,94041
11/29/2013,67,52,41,48,41,35,82,68,45,30.22,30.16,30.08,10,10,10,14,1,14,0,0,,328,94041
11/30/2013,64,51,41,51,42,34,83,72,54,30.27,30.26,30.18,10,10,8,14,1,14,0,0,,340,94041
12/1/2013,65,51,41,50,42,35,84,71,52,30.34,30.29,30.21,10,10,8,14,1,14,0,0,,336,94041
12/2/2013,62,50,40,51,43,34,87,77,66,30.24,30.13,29.98,10,10,6,14,1,14,0,2,,320,94041
12/3/2013,56,50,39,48,39,30,82,65,49,29.98,29.94,29.85,10,10,10,17,4,19,0,3,,298,94041
12/4/2013,52,41,32,30,27,24,74,59,36,30.09,30.05,29.94,10,10,10,14,2,14,0,0,,303,94041
12/5/2013,51,38,28,26,22,20,72,55,32,30.17,30.15,30.08,10,10,10,14,1,28,0,0,,341,94041
12/6/2013,57,44,34,44,32,22,80,63,45,30.19,30.13,29.92,10,10,5,16,2,16,0.08,4,Rain,167,94041
12/7/2013,50,45,34,44,32,25,80,62,42,30.24,30.13,29.92,10,10,10,20,5,26,0.08,3,Rain,294,94041
12/8/2013,46,38,31,29,24,21,76,59,42,30.33,30.29,30.22,10,10,10,14,2,14,0,0,,349,94041
12/9/2013,50,38,29,26,22,18,65,52,35,30.41,30.39,30.31,10,10,10,14,1,14,0,0,,5,94041
12/10/2013,52,38,28,32,26,20,74,62,45,30.4,30.31,30.2,10,10,10,14,1,14,0,0,,328,94041
12/11/2013,55,42,31,35,29,23,76,61,42,30.25,30.22,30.17,10,10,10,14,1,14,0,0,,343,94041
12/12/2013,57,42,31,36,30,23,76,63,42,30.26,30.24,30.15,10,9,7,14,1,114,0,0,,324,94041
12/13/2013,58,44,34,42,34,26,77,67,49,30.34,30.3,30.23,10,9,8,14,1,14,0,2,,314,94041
12/14/2013,60,45,34,40,33,27,80,65,46,30.41,30.36,30.3,10,10,10,14,1,14,0,0,,351,94041
12/15/2013,59,45,34,41,34,27,79,66,47,30.37,30.31,30.23,10,9,7,14,1,114,0,0,,356,94041
12/16/2013,63,48,37,42,36,30,79,63,43,30.24,30.19,30.1,10,9,7,14,1,14,0,0,,65,94041
12/17/2013,63,50,39,42,37,31,78,63,44,30.17,30.12,30.03,10,6,3,14,1,28,0,0,,346,94041
12/18/2013,59,50,43,46,41,35,77,72,57,30.03,29.93,29.8,10,8,6,14,1,14,0,0,,324,94041
12/19/2013,58,48,41,40,36,28,80,64,45,29.93,29.84,29.74,10,10,10,17,3,17,0,1,,287,94041
12/20/2013,60,46,34,28,26,21,67,47,22,30.01,30,29.92,10,10,10,14,1,14,0,0,,340,94041
12/21/2013,60,47,37,47,36,26,76,66,54,30.08,30.04,29.96,10,10,10,14,2,14,0,0,,358,94041
12/22/2013,65,50,38,45,37,32,85,65,40,30.28,30.21,30.08,10,8,0,14,1,14,0,1,,316,94041
12/23/2013,62,48,39,44,37,31,79,67,50,30.38,30.36,30.28,10,10,7,14,1,114,0,0,,329,94041
12/24/2013,68,50,38,46,38,32,80,65,43,30.34,30.28,30.19,10,9,7,14,1,14,0,0,,292,94041
12/25/2013,63,48,36,44,36,29,80,66,48,30.3,30.26,30.18,10,10,10,14,1,14,0,0,,314,94041
12/26/2013,66,49,36,45,37,29,80,66,43,30.26,30.23,30.14,10,10,8,14,1,14,0,0,,335,94041
12/27/2013,59,46,36,44,37,29,79,69,54,30.23,30.2,30.11,10,8,5,14,1,14,0,0,,350,94041
12/28/2013,64,47,35,41,34,29,83,62,38,30.15,30.11,30.02,10,9,6,14,2,14,0,0,,331,94041
12/29/2013,66,49,37,34,30,27,67,52,28,30.17,30.14,30.08,10,10,10,14,1,14,0,0,,299,94041
12/30/2013,63,47,35,39,32,26,72,59,38,30.25,30.24,30.17,10,10,8,14,1,14,0,0,,343,94041
12/31/2013,58,46,38,43,36,29,81,70,54,30.28,30.24,30.14,10,4,0,14,1,14,0,4,Fog,317,94041
1/1/2014,59,46,34,44,36,28,80,69,53,30.22,30.19,30.11,10,8,6,14,2,14,0,0,,348,94041
1/2/2014,64,48,37,43,36,30,81,64,41,30.17,30.13,30.04,10,10,8,14,1,14,0,0,,352,94041
1/3/2014,62,49,39,43,37,31,76,65,44,30.07,30.03,29.95,10,10,8,14,1,14,0,0,,359,94041
1/4/2014,64,49,39,46,36,28,84,63,40,30.08,30.04,29.97,10,10,7,14,1,14,0,0,,298,94041
1/5/2014,64,47,34,39,31,24,68,55,37,30.21,30.17,30.07,10,10,10,14,2,28,0,0,,343,94041
1/6/2014,60,48,38,42,36,29,74,64,48,30.29,30.23,30.15,10,10,9,14,1,14,0,0,,355,94041
1/7/2014,61,50,43,46,40,35,76,68,52,30.22,30.19,30.12,10,9,6,14,1,14,0,2,,334,94041
1/8/2014,59,52,45,49,45,38,84,77,71,30.23,30.22,30.15,10,8,2,14,2,14,0,3,,348,94041
1/9/2014,60,50,44,50,42,38,86,76,58,30.27,30.25,30.18,10,9,2,14,2,114,0,3,,258,94041
1/10/2014,63,49,40,50,41,34,86,74,57,30.31,30.26,30.17,10,10,8,14,1,14,0,2,,350,94041
1/11/2014,59,49,43,50,42,37,86,77,69,30.29,30.24,30.15,10,10,8,20,1,20,0,3,,261,94041
1/12/2014,59,48,41,45,39,34,84,71,53,30.4,30.34,30.27,10,10,9,15,3,15,0,2,,293,94041
1/13/2014,67,51,41,43,36,32,76,59,38,30.46,30.41,30.34,10,10,10,14,6,14,0,0,,320,94041
1/14/2014,71,54,41,38,33,29,71,49,25,30.45,30.39,30.31,10,10,10,14,6,28,0,0,,322,94041
1/15/2014,70,52,40,41,34,29,69,51,33,30.34,30.28,30.19,10,10,8,28,4,28,0,0,,320,94041
1/16/2014,70,52,38,42,34,28,70,53,33,30.23,30.19,30.1,10,10,10,28,4,28,0,0,,332,94041
1/17/2014,68,50,37,44,35,27,74,58,38,30.19,30.16,30.09,10,9,7,28,6,28,0,0,,360,94041
1/18/2014,69,49,36,43,34,28,73,57,34,30.17,30.13,30.05,10,10,8,14,4,28,0,0,,327,94041
1/19/2014,68,48,35,43,34,26,72,58,33,30.14,30.11,30.04,10,10,7,14,5,28,0,0,,340,94041
1/20/2014,69,50,36,40,34,28,77,57,32,30.22,30.18,30.11,10,10,8,14,4,28,0,0,,352,94041
1/21/2014,68,49,36,42,34,27,74,57,34,30.27,30.23,30.15,10,10,10,14,5,14,0,0,,357,94041
1/22/2014,71,50,36,44,34,26,70,56,26,30.17,30.06,29.92,10,10,9,14,5,14,0,0,,346,94041
1/23/2014,66,51,38,39,34,30,78,55,34,30.01,29.94,29.85,10,9,6,14,5,14,0,0,,336,94041
1/24/2014,64,50,39,44,37,30,75,61,45,30.27,30.18,30,10,7,2,14,6,28,0,0,,350,94041
1/25/2014,72,54,43,45,38,33,76,57,31,30.27,30.21,30.11,10,10,7,14,3,28,0,0,,343,94041
1/26/2014,70,54,44,45,39,32,75,59,37,30.13,30.11,30.01,10,10,9,14,3,14,0,0,,333,94041
1/27/2014,62,53,47,48,45,40,83,74,58,30.2,30.16,30.08,10,5,0,14,3,14,0,3,,264,94041
1/28/2014,66,57,48,56,50,42,82,76,66,30.26,30.23,30.17,10,10,6,14,4,14,0,4,,347,94041
1/29/2014,68,60,56,58,54,48,86,80,69,30.21,30.13,29.98,10,9,4,14,2,14,0,3,,356,94041
1/30/2014,64,56,52,49,46,42,82,70,51,29.98,29.93,29.85,10,10,7,14,3,14,0.04,5,Rain,299,94041
1/31/2014,61,51,42,45,38,33,82,63,37,30.09,30.05,29.91,10,10,10,15,6,19,0,2,,322,94041
2/1/2014,60,47,36,39,34,29,78,61,38,30.17,30.14,30.08,10,10,10,14,6,114,0,0,,333,94041
2/2/2014,54,48,43,43,39,34,79,71,64,30.08,29.95,29.84,10,10,7,23,7,114,0.08,5,Rain,149,94041
2/3/2014,57,48,41,43,38,33,80,70,52,30.08,30.06,29.98,10,10,10,16,3,18,0,2,,315,94041
2/4/2014,56,46,38,41,36,31,79,68,55,30.17,30.14,30.07,10,10,10,14,2,14,0,0,,332,94041
2/5/2014,58,47,36,42,37,29,80,69,55,30.21,30.17,30.06,10,10,10,14,3,14,0,4,,43,94041
2/6/2014,56,51,46,47,44,41,84,78,70,30.06,29.98,29.88,10,10,7,21,5,86,0.45,8,Rain,131,94041
2/7/2014,55,53,49,49,46,44,84,80,76,30.09,30.07,29.98,10,10,10,20,5,24,0.04,6,Rain,140,94041
2/8/2014,65,59,54,56,51,48,85,76,69,30.16,30.14,30.06,10,10,10,20,7,25,0.04,7,Rain,148,94041
2/9/2014,67,60,58,55,53,51,80,76,62,30.17,30.14,30.07,10,10,9,14,4,16,0.02,7,Rain,156,94041
2/10/2014,61,56,51,53,50,46,85,79,70,30.28,30.24,30.11,10,9,2,14,2,14,0,6,,340,94041
2/11/2014,62,54,48,50,47,42,86,77,64,30.25,30.24,30.16,10,7,0,10,1,14,0,4,Fog,328,94041
2/12/2014,63,54,47,50,46,42,82,75,62,30.29,30.25,30.17,10,9,5,14,2,14,0,3,,335,94041
2/13/2014,70,58,48,58,50,43,86,77,62,30.22,30.18,30.09,10,8,0,114,2,114,0,3,Fog,351,94041
2/14/2014,64,58,50,55,51,44,88,78,64,30.17,30.14,30.06,10,8,2,14,2,15,0,7,,327,94041
2/15/2014,62,55,47,53,48,42,86,78,71,30.06,30.04,29.96,10,10,10,14,1,14,0,2,,132,94041
2/16/2014,64,56,47,51,42,36,83,63,40,30.21,30.14,30.04,10,10,4,14,4,14,0.02,2,Rain,311,94041
2/17/2014,62,50,40,45,40,33,82,67,52,30.18,30.17,30.1,10,10,10,14,5,15,0,0,,334,94041
2/18/2014,66,53,42,49,43,36,84,69,49,30.2,30.17,30.09,10,10,10,14,5,16,0,0,,348,94041
2/19/2014,67,56,48,48,44,39,83,66,45,30.21,30.17,30.09,10,10,4,114,6,114,0.02,3,Rain,315,94041
2/20/2014,69,54,42,45,39,35,80,60,36,30.2,30.18,30.1,10,10,10,14,4,14,0,0,,310,94041
2/21/2014,73,55,41,47,41,34,80,60,33,30.12,30.07,29.97,10,10,10,14,2,14,0,0,,342,94041
2/22/2014,71,55,43,50,43,35,81,66,39,30.02,30,29.9,10,10,10,14,2,14,0,0,,338,94041
2/23/2014,70,56,46,52,45,40,80,70,45,30.03,30.01,29.93,10,9,7,14,2,14,0,3,,337,94041
2/24/2014,75,57,42,51,44,35,85,64,36,30,29.97,29.87,10,10,10,14,3,14,0,0,,344,94041
2/25/2014,66,56,47,51,46,40,80,70,58,29.98,29.96,29.88,10,9,7,14,4,17,0,2,,44,94041
2/26/2014,62,56,53,53,50,45,86,78,69,29.95,29.85,29.67,10,8,2,28,8,86,0.78,7,Rain,133,94041
2/27/2014,69,60,52,52,48,45,84,67,49,29.89,29.8,29.49,10,10,8,28,10,28,0.02,3,Rain,153,94041
2/28/2014,62,56,53,52,49,45,85,77,57,29.5,29.44,29.36,10,8,2,20,6,86,0.88,7,Rain,143,94041
8/29/2013,81,72,63,62,61,59,87,69,51,30.06,30.02,29.96,10,10,10,16,7,24,0,4,,320,95113
8/30/2013,88,76,63,63,60,55,93,65,37,30.05,30.01,29.93,10,10,10,18,5,22,0,2,,316,95113
8/31/2013,80,71,62,59,57,54,90,66,42,29.99,29.95,29.91,10,10,10,18,8,22,0,0,,309,95113
9/1/2013,81,72,62,61,57,51,84,62,39,29.96,29.93,29.88,10,10,10,20,7,24,0,2,,308,95113
9/2/2013,79,73,66,62,61,59,81,68,54,29.97,29.93,29.89,10,10,10,21,8,25,T,5,Rain,315,95113
9/3/2013,80,70,60,60,55,46,84,58,32,30.01,29.98,29.94,10,10,10,18,8,24,0,1,,323,95113
9/4/2013,79,69,59,58,55,51,84,62,40,30.05,30.01,29.96,10,10,10,22,8,29,0,1,,322,95113
9/5/2013,78,68,58,56,54,52,80,60,40,30.03,30,29.97,10,10,10,23,8,30,0,1,,329,95113
9/6/2013,89,72,54,56,52,48,78,54,29,30.01,29.91,29.82,10,10,10,17,5,22,0,0,,302,95113
9/7/2013,95,78,61,61,50,43,73,45,17,29.87,29.84,29.79,10,10,10,18,6,22,0,0,,297,95113
9/8/2013,88,74,60,61,57,48,90,59,27,29.88,29.83,29.75,10,10,10,13,5,15,0,0,,301,95113
9/9/2013,88,75,62,60,57,52,90,60,30,29.82,29.77,29.71,10,10,10,16,5,21,0,1,,298,95113
9/10/2013,82,70,58,60,55,53,87,65,42,29.9,29.81,29.75,10,10,10,16,7,24,0,2,,142,95113
9/11/2013,77,68,59,58,55,53,84,65,46,30,29.96,29.9,10,10,10,17,8,21,0,4,,12,95113
9/12/2013,76,69,62,59,58,57,84,71,57,29.98,29.95,29.9,10,10,8,18,6,22,0,5,,311,95113
9/13/2013,74,67,59,58,56,55,87,72,57,29.91,29.87,29.8,10,10,10,18,8,21,0,4,,313,95113
9/14/2013,72,66,59,56,55,54,87,72,57,29.85,29.82,29.77,10,10,10,14,8,18,0,4,,327,95113
9/15/2013,78,68,58,59,55,52,90,68,45,29.88,29.85,29.82,10,10,10,18,8,24,0,3,,317,95113
9/16/2013,79,71,62,59,57,53,90,68,45,29.91,29.87,29.81,10,10,10,22,8,28,0,4,,310,95113
9/17/2013,75,66,56,54,52,46,80,58,36,29.9,29.89,29.87,10,10,10,25,8,30,T,1,,309,95113
9/18/2013,83,69,55,53,49,43,83,54,24,29.92,29.87,29.82,10,10,10,20,6,23,0,0,,299,95113
9/19/2013,87,71,54,50,46,37,77,48,18,29.86,29.81,29.75,10,10,10,18,6,22,0,0,,294,95113
9/20/2013,76,66,56,58,54,49,80,65,50,29.88,29.84,29.79,10,10,10,18,7,28,0,2,,309,95113
9/21/2013,70,64,57,61,57,53,100,79,57,29.91,29.85,29.82,10,8,1,20,7,28,0.66,6,Rain,194,95113
9/22/2013,72,63,53,55,52,47,93,69,44,30.02,29.96,29.92,10,10,10,22,7,25,0,2,,287,95113
9/23/2013,80,67,54,61,54,51,86,63,39,30.03,29.98,29.93,10,10,10,20,6,25,0,0,,321,95113
9/24/2013,75,67,58,58,52,46,93,66,38,30.01,29.97,29.94,10,10,10,25,10,30,0,1,,301,95113
9/25/2013,70,63,55,50,45,41,77,57,37,29.95,29.9,29.85,10,10,10,24,12,29,0,1,,287,95113
9/26/2013,74,63,51,50,42,31,77,50,22,29.99,29.91,29.85,10,10,10,18,8,23,0,0,,298,95113
9/27/2013,78,64,49,45,40,33,80,50,20,30.1,30.05,30,10,10,9,18,5,23,0,0,,311,95113
9/28/2013,82,67,51,57,42,30,90,53,16,30.1,30.05,29.99,10,10,10,21,6,24,0,1,,335,95113
9/29/2013,77,66,54,61,56,53,93,70,46,30.12,30.09,30.05,10,10,10,16,6,21,0,2,,306,95113
9/30/2013,77,67,57,61,57,42,100,74,48,30.08,30.04,29.97,10,10,10,16,7,24,0,3,,334,95113
10/1/2013,72,63,53,53,46,40,78,58,38,30.03,29.98,29.93,10,10,10,17,5,22,0,3,,319,95113
10/2/2013,76,64,52,53,47,43,83,57,31,30.02,29.97,29.94,10,10,10,21,6,24,0,1,,313,95113
10/3/2013,73,62,51,47,38,31,72,46,20,30.07,30.01,29.95,10,10,10,23,10,28,0,0,,279,95113
10/4/2013,82,70,58,33,26,23,37,25,13,30.1,30.03,29.96,10,10,10,18,6,28,0,0,,320,95113
10/5/2013,85,67,49,37,31,24,50,31,11,30.2,30.13,30.09,10,10,10,13,3,15,0,0,,251,95113
10/6/2013,83,67,51,40,34,29,50,32,14,30.12,30.06,30,10,10,10,13,4,15,0,4,,299,95113
10/7/2013,81,68,54,47,36,24,62,38,13,30,29.94,29.88,10,10,10,17,5,20,0,2,,307,95113
10/8/2013,75,63,51,49,44,39,83,56,29,29.91,29.84,29.75,10,10,10,16,6,26,0,2,,302,95113
10/9/2013,68,59,50,48,45,41,89,66,42,29.76,29.69,29.65,10,10,9,14,6,20,0,2,,126,95113
10/10/2013,74,62,50,51,46,37,86,59,31,30.02,29.9,29.78,10,10,10,16,7,,0,1,,166,95113
10/11/2013,67,58,48,51,49,46,93,73,52,30.09,30.04,29.99,10,10,7,16,5,18,0,0,,209,95113
10/12/2013,71,59,46,50,46,42,96,68,40,30.02,29.98,29.92,10,10,9,18,5,24,0,1,,327,95113
10/13/2013,73,60,47,47,44,41,93,64,34,30.07,30,29.95,10,10,10,18,6,23,0,1,,226,95113
10/14/2013,78,63,48,45,41,35,77,50,22,30.12,30.06,29.99,10,10,10,13,4,,0,0,,288,95113
10/15/2013,79,63,47,44,37,30,66,43,19,30.04,30,29.94,10,10,10,17,5,21,0,0,,292,95113
10/16/2013,82,66,50,42,36,33,59,39,18,30.09,30.04,30.01,10,10,10,15,3,17,0,1,,302,95113
10/17/2013,80,65,49,45,36,30,61,39,16,30.08,30.03,29.96,10,10,10,15,4,17,0,0,,285,95113
10/18/2013,78,64,49,53,42,34,86,54,21,30.06,30.02,29.98,10,10,10,12,3,14,0,0,,295,95113
10/19/2013,78,64,49,54,48,44,83,57,30,30.09,30.03,29.99,10,10,9,10,2,15,0,0,,295,95113
10/20/2013,74,62,50,54,51,43,100,67,33,30.03,29.99,29.91,10,7,2,10,3,13,0,3,,302,95113
10/21/2013,70,61,51,55,52,49,100,74,47,30.01,29.97,29.92,10,7,2,9,3,14,0,3,,296,95113
10/22/2013,72,62,51,55,52,49,100,72,44,30.03,29.99,29.92,10,7,2,10,3,13,0,4,,298,95113
10/23/2013,67,60,52,53,52,51,100,82,63,29.99,29.95,29.91,10,5,1,13,4,15,0,5,,310,95113
10/24/2013,60,55,50,52,50,47,100,84,67,30.12,30.05,29.99,10,6,2,10,2,13,0,5,,302,95113
10/25/2013,69,58,47,53,49,46,93,69,45,30.18,30.13,30.09,10,8,3,10,2,13,0,5,,302,95113
10/26/2013,75,61,46,52,48,44,93,66,38,30.16,30.09,30.02,10,10,9,12,2,17,0,1,,288,95113
10/27/2013,63,57,50,52,48,45,100,78,55,30.04,29.91,29.74,10,9,4,28,8,35,0,5,,287,95113
10/28/2013,64,59,53,47,44,40,77,60,43,29.87,29.75,29.7,10,10,9,20,8,25,0,6,,256,95113
10/29/2013,63,56,49,49,46,44,89,71,52,30.06,29.97,29.88,10,10,10,14,6,17,0,4,,158,95113
10/30/2013,67,56,44,48,44,41,92,67,42,30.16,30.11,30.07,10,10,10,17,5,22,0,1,,260,95113
10/31/2013,72,58,44,46,43,40,93,62,31,30.18,30.12,30.06,10,10,10,9,4,,0,0,,284,95113
11/1/2013,77,61,44,49,42,36,80,52,23,30.14,30.08,30.01,10,10,10,10,2,12,0,0,,309,95113
11/2/2013,69,57,45,52,45,39,83,62,40,30.04,29.98,29.94,10,10,10,16,6,23,0,2,,324,95113
11/3/2013,64,55,45,47,39,26,93,59,25,30.05,29.98,29.93,10,10,10,21,7,23,0,4,,290,95113
11/4/2013,67,54,40,40,36,26,83,53,22,30.07,29.99,29.93,10,10,10,17,6,22,0,0,,291,95113
11/5/2013,72,58,44,40,34,29,76,49,22,30.22,30.15,30.08,10,10,10,15,6,21,0,1,,286,95113
11/6/2013,74,60,46,39,36,32,65,44,22,30.26,30.2,30.16,10,10,10,9,2,13,0,4,,226,95113
11/7/2013,74,62,50,52,41,31,80,50,20,30.17,30.12,30.08,10,10,9,16,3,17,0,2,,298,95113
11/8/2013,70,58,46,51,47,43,100,72,44,30.1,30.05,29.97,10,9,6,13,3,15,0,2,,309,95113
11/9/2013,77,61,44,51,45,30,93,56,18,30.04,30,29.96,10,10,10,14,3,16,0,1,,252,95113
11/10/2013,65,55,45,51,47,45,100,76,52,30.13,30.1,30.04,10,5,0,12,4,14,0,3,Fog,123,95113
11/11/2013,66,59,52,53,49,47,96,74,52,30.17,30.12,30.08,9,7,3,7,2,16,0,7,,316,95113
11/12/2013,71,62,53,54,49,43,86,61,35,30.26,30.23,30.16,10,10,7,13,3,16,0,3,,318,95113
11/13/2013,74,60,46,54,49,43,93,63,33,30.26,30.18,30.11,10,10,10,12,3,13,0,3,,292,95113
11/14/2013,64,57,49,54,51,46,100,84,67,30.12,30.03,29.91,10,6,1,14,4,16,0,6,,317,95113
11/15/2013,65,55,44,47,43,36,93,64,34,29.9,29.82,29.74,10,10,10,15,4,18,0,1,,298,95113
11/16/2013,63,52,40,50,44,37,92,66,39,29.94,29.87,29.8,10,10,10,17,6,22,0,2,,114,95113
11/17/2013,63,54,45,48,46,43,93,73,52,30.1,30.03,29.94,10,10,10,13,4,15,0,3,,225,95113
11/18/2013,61,53,44,47,44,42,92,72,51,30.15,30.12,30.09,10,10,10,13,5,16,0,5,,339,95113
11/19/2013,65,57,48,56,50,45,100,78,56,30.11,30.03,29.96,10,9,4,13,8,15,0.29,7,Rain,132,95113
11/20/2013,63,58,53,57,55,51,100,89,78,29.95,29.9,29.86,10,9,1,23,9,29,0.47,7,Rain,301,95113
11/21/2013,62,56,50,52,41,23,100,63,25,30,29.93,29.91,10,9,2,18,8,28,0.01,5,Rain,310,95113
11/22/2013,69,58,47,32,22,15,50,31,12,30.04,29.97,29.9,10,10,10,18,7,22,0,2,,303,95113
11/23/2013,66,53,40,44,35,29,74,50,26,30.12,30.04,29.98,10,10,10,9,2,12,0,0,,197,95113
11/24/2013,65,53,41,41,39,36,89,62,34,30.26,30.18,30.12,10,10,10,10,3,13,0,0,,281,95113
11/25/2013,65,53,40,44,41,38,89,64,39,30.33,30.28,30.25,10,10,8,9,2,12,0,1,,354,95113
11/26/2013,63,53,43,44,42,39,89,66,43,30.26,30.16,30.04,10,10,8,8,1,12,0,5,,236,95113
11/27/2013,65,54,43,45,43,41,92,68,44,30.02,29.91,29.84,10,9,6,10,2,13,0,4,,284,95113
11/28/2013,68,57,45,46,43,40,86,62,37,30.09,29.96,29.88,10,9,6,9,3,12,0,2,,325,95113
11/29/2013,71,57,43,45,41,39,86,60,33,30.23,30.15,30.09,10,10,10,12,2,13,0,0,,285,95113
11/30/2013,65,53,41,44,42,38,89,67,44,30.27,30.24,30.19,10,10,10,10,3,13,0,1,,328,95113
12/1/2013,67,55,42,45,42,39,89,65,40,30.34,30.27,30.22,10,10,9,12,3,17,0,0,,317,95113
12/2/2013,64,53,42,52,46,40,93,77,60,30.22,30.1,30,10,10,10,18,4,22,0,4,,309,95113
12/3/2013,55,49,42,54,41,21,100,70,40,29.97,29.92,29.86,10,9,2,21,10,28,T,5,Rain,300,95113
12/4/2013,52,43,34,31,24,15,82,53,24,30.09,30.03,29.95,10,10,10,12,4,24,0,0,,264,95113
12/5/2013,52,41,29,25,20,14,78,50,22,30.18,30.14,30.09,10,10,10,10,3,13,0,0,,219,95113
12/6/2013,54,42,30,45,29,20,86,61,35,30.2,30.12,29.94,10,10,8,15,6,18,0.04,5,Rain,130,95113
12/7/2013,49,42,35,47,31,25,93,66,39,30.25,30.11,29.93,10,10,6,25,10,31,0.09,2,Rain,284,95113
12/8/2013,47,39,31,30,23,14,82,57,31,30.33,30.27,30.22,10,10,10,14,4,20,0,2,,316,95113
12/9/2013,51,38,25,23,20,13,75,48,21,30.42,30.37,30.32,10,10,10,9,3,10,0,0,,149,95113
12/10/2013,53,41,28,29,25,22,78,55,32,30.4,30.29,30.21,10,10,10,7,1,8,0,1,,139,95113
12/11/2013,57,44,31,31,28,25,75,53,30,30.25,30.21,30.17,10,10,10,10,1,12,0,0,,177,95113
12/12/2013,59,44,29,34,30,26,82,58,33,30.27,30.22,30.17,10,10,7,8,1,8,0,1,,321,95113
12/13/2013,59,47,34,42,35,30,89,65,40,30.35,30.29,30.25,10,9,7,10,2,13,0,2,,88,95113
12/14/2013,62,48,34,36,34,31,89,63,36,30.4,30.35,30.31,10,10,10,9,1,12,0,0,,244,95113
12/15/2013,62,47,31,37,34,31,92,64,36,30.36,30.3,30.24,10,9,7,7,1,8,0,3,,285,95113
12/16/2013,67,52,37,37,34,30,85,57,28,30.23,30.17,30.12,10,10,9,6,1,10,0,4,,126,95113
12/17/2013,65,53,40,40,36,34,73,54,34,30.18,30.11,30.04,10,7,3,8,1,9,0,5,,223,95113
12/18/2013,62,53,44,46,42,38,93,68,42,30.03,29.91,29.81,10,8,6,14,3,18,0,4,,323,95113
12/19/2013,58,50,42,42,36,23,96,66,36,29.94,29.82,29.75,10,10,9,18,7,21,0,3,,288,95113
12/20/2013,60,48,35,25,16,2,64,37,9,30.01,29.98,29.94,10,10,10,13,3,16,0,1,,287,95113
12/21/2013,60,48,36,47,36,20,86,63,39,30.09,30.03,29.98,10,10,10,14,3,17,0,0,,303,95113
12/22/2013,67,52,37,42,38,33,96,63,29,30.29,30.2,30.09,10,10,10,15,3,17,0,0,,307,95113
12/23/2013,63,51,38,40,37,35,85,62,39,30.38,30.34,30.29,10,10,8,10,2,12,0,0,,291,95113
12/24/2013,70,54,38,39,37,35,86,59,31,30.35,30.27,30.2,10,10,9,10,3,13,0,1,,282,95113
12/25/2013,67,52,37,39,36,31,85,59,32,30.3,30.24,30.19,10,10,10,7,2,8,0,0,,166,95113
12/26/2013,69,53,37,40,36,33,85,57,29,30.26,30.22,30.16,10,10,10,7,2,9,0,0,,146,95113
12/27/2013,60,48,36,40,37,32,89,67,44,30.24,30.18,30.12,10,9,7,14,1,15,0,4,,16,95113
12/28/2013,66,51,35,39,34,28,92,59,26,30.15,30.09,30.03,10,9,7,13,3,15,0,0,,321,95113
12/29/2013,67,52,36,31,27,19,76,47,18,30.17,30.13,30.09,10,10,10,7,2,10,0,0,,233,95113
12/30/2013,66,50,34,35,31,27,75,50,24,30.26,30.22,30.18,10,10,9,7,2,,0,3,,74,95113
12/31/2013,59,48,37,43,38,29,100,72,44,30.28,30.23,30.16,10,4,0,15,2,16,0,4,Fog,137,95113
1/1/2014,62,49,35,36,34,32,89,62,34,30.22,30.17,30.12,10,8,6,8,1,10,0,2,,310,95113
1/2/2014,65,52,38,38,34,32,82,57,31,30.18,30.11,30.06,10,10,9,8,1,13,0,2,,259,95113
1/3/2014,64,52,40,37,35,32,76,53,30,30.07,30.02,29.96,10,10,10,8,2,10,0,3,,354,95113
1/4/2014,66,52,38,44,36,29,82,57,32,30.08,30.02,29.98,10,10,10,8,3,12,0,1,,227,95113
1/5/2014,66,51,35,33,28,22,70,45,19,30.21,30.15,30.09,10,10,10,6,1,8,0,0,,125,95113
1/6/2014,62,50,38,37,34,30,70,53,36,30.28,30.21,30.16,10,10,10,9,1,12,0,5,,290,95113
1/7/2014,63,54,44,44,39,35,80,58,36,30.22,30.18,30.13,10,10,8,10,3,12,0,4,,235,95113
1/8/2014,58,54,50,50,47,43,96,82,67,30.23,30.2,30.16,10,8,2,14,5,16,T,7,Rain,309,95113
1/9/2014,59,53,46,52,46,42,96,79,61,30.27,30.23,30.2,10,8,1,18,4,21,0.01,6,Rain,303,95113
1/10/2014,62,52,41,48,43,37,86,69,52,30.31,30.24,30.18,10,10,10,8,2,13,0,3,,297,95113
1/11/2014,59,51,43,50,44,40,93,78,62,30.3,30.23,30.17,10,10,10,20,3,24,0,4,,349,95113
1/12/2014,60,52,43,46,41,35,100,72,44,30.38,30.32,30.27,10,10,9,17,6,22,0,3,,264,95113
1/13/2014,68,56,43,35,33,31,70,48,26,30.46,30.39,30.34,10,10,10,9,3,14,0,0,,236,95113
1/14/2014,76,57,37,34,27,13,76,43,9,30.45,30.37,30.32,10,10,10,17,3,24,0,0,,5,95113
1/15/2014,71,55,39,34,29,25,53,37,20,30.34,30.27,30.2,10,10,10,9,2,12,0,0,,154,95113
1/16/2014,73,56,39,34,29,25,62,40,18,30.24,30.17,30.12,10,10,10,8,1,10,0,0,,107,95113
1/17/2014,69,54,39,38,32,29,60,42,24,30.19,30.14,30.11,10,10,9,8,2,10,0,0,,272,95113
1/18/2014,70,54,37,34,31,28,70,46,22,30.17,30.11,30.06,10,10,9,7,1,12,0,0,,330,95113
1/19/2014,69,53,36,36,31,27,64,43,22,30.14,30.09,30.05,10,10,8,8,1,14,0,1,,310,95113
1/20/2014,69,54,38,33,30,27,65,44,22,30.23,30.17,30.13,10,10,10,7,1,10,0,1,,64,95113
1/21/2014,68,53,37,37,31,27,70,47,24,30.27,30.21,30.16,10,10,10,8,2,10,0,3,,237,95113
1/22/2014,72,55,38,46,31,21,86,51,15,30.16,30.04,29.93,10,10,10,9,3,13,0,0,,307,95113
1/23/2014,67,54,40,37,32,29,80,52,24,30.01,29.92,29.87,10,10,7,13,2,14,0,0,,208,95113
1/24/2014,65,53,40,42,38,34,76,58,40,30.27,30.16,30.02,10,8,6,6,1,8,0,3,,358,95113
1/25/2014,71,58,44,42,37,32,76,50,24,30.27,30.19,30.13,10,10,9,7,2,12,0,1,,298,95113
1/26/2014,71,58,45,48,36,29,93,58,22,30.13,30.09,30.02,10,10,9,10,4,14,0,2,,314,95113
1/27/2014,64,55,46,50,47,43,100,74,48,30.21,30.14,30.08,10,5,0,10,2,13,0,7,Fog,239,95113
1/28/2014,67,58,48,59,51,45,93,73,52,30.27,30.22,30.19,10,9,3,16,4,22,0,7,,305,95113
1/29/2014,68,62,55,59,56,49,100,84,68,30.22,30.13,29.99,10,7,2,16,4,20,0.01,7,Rain,312,95113
1/30/2014,60,56,51,50,47,41,96,74,51,29.99,29.92,29.87,10,10,7,14,8,,0.1,6,Rain,285,95113
1/31/2014,60,52,44,45,40,30,86,60,33,30.09,30.04,29.93,10,10,10,17,6,20,0,3,,294,95113
2/1/2014,60,49,37,41,33,21,82,52,22,30.17,30.12,30.09,10,10,10,13,4,16,0,1,,335,95113
2/2/2014,54,48,41,46,39,34,100,80,59,30.07,29.93,29.86,10,10,8,28,10,36,0.08,5,Rain,125,95113
2/3/2014,56,48,39,42,38,33,89,68,46,30.09,30.04,29.98,10,10,10,18,6,26,0,3,,266,95113
2/4/2014,56,46,36,38,36,33,85,68,50,30.18,30.12,30.08,10,10,10,14,5,17,0,4,,212,95113
2/5/2014,57,47,36,43,37,32,85,64,43,30.22,30.16,30.07,10,10,10,14,5,17,0.01,6,Rain,130,95113
2/6/2014,54,50,46,51,46,44,100,86,71,30.05,29.96,29.89,10,9,3,23,10,28,0.61,7,Rain,124,95113
2/7/2014,55,51,47,54,50,46,100,92,83,30.11,30.06,30.02,10,10,6,26,10,35,0.14,7,Rain,122,95113
2/8/2014,61,57,53,54,51,48,86,79,72,30.18,30.13,30.09,10,10,10,22,13,29,0.02,7,Rain,126,95113
2/9/2014,63,60,57,55,53,52,93,80,67,30.18,30.14,30.1,10,10,10,17,10,23,0.05,8,,136,95113
2/10/2014,62,57,51,54,52,50,100,86,72,30.28,30.22,30.12,10,9,2,14,5,16,0.01,7,,311,95113
2/11/2014,62,56,49,52,49,46,100,80,60,30.26,30.23,30.17,10,6,1,14,3,17,0,7,,325,95113
2/12/2014,63,56,49,50,47,41,93,78,48,30.29,30.23,30.19,10,8,3,12,3,14,0,7,,294,95113
2/13/2014,69,59,49,55,51,46,100,80,59,30.23,30.17,30.1,10,6,0,13,4,15,0,5,Fog,276,95113
2/14/2014,63,58,53,56,53,48,100,82,64,30.17,30.13,30.06,10,7,1,12,4,14,T,7,,312,95113
2/15/2014,63,56,48,52,49,46,93,80,67,30.06,30.02,29.98,10,10,10,18,6,23,0.02,6,Rain,128,95113
2/16/2014,63,55,47,54,45,33,100,67,34,30.21,30.13,30.05,10,9,2,14,5,23,0.04,5,Rain,307,95113
2/17/2014,61,50,39,46,40,36,86,64,42,30.19,30.15,30.11,10,10,10,16,6,20,0,3,,307,95113
2/18/2014,64,54,43,49,44,38,89,64,39,30.21,30.15,30.1,10,10,10,20,4,24,0,5,,316,95113
2/19/2014,63,56,49,52,47,40,100,72,43,30.21,30.16,30.11,10,10,7,21,8,23,0.01,4,Rain,304,95113
2/20/2014,67,55,42,44,39,32,89,59,29,30.21,30.16,30.11,10,10,10,16,4,17,0,3,,289,95113
2/21/2014,72,57,42,48,41,32,83,54,24,30.12,30.06,29.98,10,10,10,15,4,17,0,1,,306,95113
2/22/2014,71,57,42,49,44,33,93,60,26,30.02,29.98,29.92,10,10,10,14,5,17,0,2,,304,95113
2/23/2014,68,57,45,50,46,40,93,64,35,30.04,29.99,29.94,10,9,5,16,3,20,0,3,,284,95113
2/24/2014,73,59,44,48,43,40,89,61,33,30,29.96,29.89,10,10,10,15,3,18,0,1,,291,95113
2/25/2014,66,55,44,48,45,43,100,76,52,29.99,29.95,29.9,10,8,3,14,6,16,0,4,,163,95113
2/26/2014,61,57,52,57,51,45,100,83,66,29.96,29.86,29.7,10,9,3,29,13,40,0.68,7,Rain,129,95113
2/27/2014,65,59,52,54,48,44,83,66,48,29.91,29.79,29.51,10,10,9,26,10,36,0.01,6,Rain,123,95113
2/28/2014,62,57,52,56,50,46,100,78,55,29.51,29.43,29.39,10,8,2,25,12,35,0.97,7,Rain,125,95113
