PDT,Max TemperatureF,Mean TemperatureF,Min TemperatureF,Max Dew PointF,MeanDew PointF,Min DewpointF,Max Humidity, Mean Humidity, Min Humidity, Max Sea Level PressureIn, Mean Sea Level PressureIn, Min Sea Level PressureIn, Max VisibilityMiles, Mean VisibilityMiles, Min VisibilityMiles, Max Wind SpeedMPH, Mean Wind SpeedMPH, Max Gust SpeedMPH,PrecipitationIn, CloudCover, Events, WindDirDegrees,Zip
3/1/2014,69,62,54,54,48,44,78,63,48,29.82,29.63,29.47,10,10,10,17,10,25,0.03,7,Rain,108,94107
3/2/2014,61,57,53,55,51,47,83,75,67,30.17,30.01,29.83,10,9,2,20,9,26,0.02,6,Rain,181,94107
3/3/2014,61,56,50,52,49,47,89,77,64,30.15,30.11,30.04,10,10,9,18,6,28,0.1,7,Rain,135,94107
3/4/2014,66,61,55,54,52,49,86,77,67,30.12,30.09,30.06,10,10,7,17,5,,T,7,Rain,16,94107
3/5/2014,66,60,54,58,54,48,93,73,52,30.11,30.06,29.99,10,8,2,20,6,23,0.26,8,Rain,211,94107
3/6/2014,65,58,51,57,53,48,93,80,67,30.2,30.13,30.06,10,9,4,15,8,20,0.01,6,Rain,258,94107
3/7/2014,66,57,48,50,47,43,89,67,44,30.19,30.15,30.11,10,10,9,14,6,24,0,2,,296,94107
3/8/2014,72,59,46,51,48,39,93,63,33,30.21,30.16,30.12,10,10,10,17,4,48,0,5,Fog,285,94107
3/9/2014,71,63,55,54,51,48,80,69,57,30.17,30.13,30.07,10,10,10,13,6,18,T,7,Rain,291,94107
3/10/2014,68,62,56,55,48,43,86,66,45,30.24,30.17,30.11,10,10,9,20,8,22,T,5,Rain,307,94107
3/11/2014,74,61,47,40,31,25,61,40,19,30.19,30.1,30.02,10,10,10,30,11,37,0,1,,6,94107
3/12/2014,78,66,53,34,28,23,36,26,16,30.11,30.05,30.01,10,10,10,32,16,40,0,0,,28,94107
3/13/2014,73,58,46,49,43,33,80,58,27,30.08,30.03,29.99,10,10,10,17,6,,0,1,,270,94107
3/14/2014,67,60,53,52,49,46,83,68,52,30.23,30.15,30.08,10,10,10,13,7,21,0,4,,248,94107
3/15/2014,77,62,47,52,48,41,93,63,33,30.31,30.27,30.23,10,10,10,14,6,16,0,0,Fog,293,94107
3/16/2014,72,60,48,52,48,46,89,68,47,30.32,30.27,30.21,10,10,10,21,8,23,0,3,Fog,292,94107
3/17/2014,69,59,49,49,46,43,77,60,42,30.24,30.11,29.99,10,10,10,22,11,29,T,3,,291,94107
3/18/2014,70,57,43,45,39,31,86,55,24,29.99,29.95,29.91,10,10,10,17,5,22,0,1,,290,94107
3/19/2014,73,59,45,48,40,34,77,52,27,30.09,30.04,29.98,10,10,10,14,6,26,0,2,,316,94107
3/20/2014,70,60,50,51,45,41,77,61,44,30.06,30.02,29.96,10,10,10,18,8,,0,5,,292,94107
3/21/2014,63,56,48,47,45,44,86,69,52,30.01,29.98,29.96,10,10,9,20,8,37,0,3,,263,94107
3/22/2014,65,58,51,47,45,43,83,64,44,30.13,30.06,30,10,10,10,16,8,23,0,3,,246,94107
3/23/2014,65,57,48,48,46,44,83,68,52,30.19,30.14,30.1,10,10,10,15,7,20,0,3,,280,94107
3/24/2014,72,59,46,50,46,38,86,58,29,30.17,30.1,30.03,10,10,6,18,6,29,0,1,,328,94107
3/25/2014,63,54,45,55,49,42,87,75,62,30.06,29.97,29.88,10,9,2,18,8,29,0.15,5,Rain,253,94107
3/26/2014,62,58,53,51,48,47,89,77,64,29.99,29.87,29.82,10,8,1,23,12,35,0.63,7,Rain,235,94107
3/27/2014,65,61,56,48,46,43,77,61,44,30.14,30.07,29.98,10,10,7,17,9,25,T,6,,244,94107
3/28/2014,69,63,56,52,49,46,77,63,49,30.21,30.16,30.12,10,10,7,17,9,30,0.01,6,Rain,191,94107
3/29/2014,60,57,53,55,51,45,93,79,64,30.14,30.07,30.02,10,8,1,24,12,29,0.87,8,Rain,200,94107
3/30/2014,61,56,50,46,44,41,77,64,51,30.14,30.11,30.06,10,10,10,17,10,21,0,4,,277,94107
3/31/2014,57,53,48,47,44,42,86,76,66,30.08,29.94,29.85,10,8,1,31,13,36,0.57,6,Rain,169,94107
4/1/2014,58,52,46,47,43,41,82,72,61,29.95,29.89,29.85,10,9,2,30,13,36,0.69,7,Rain,158,94107
4/2/2014,61,53,45,45,43,39,89,68,46,30.12,30.03,29.88,10,10,10,21,8,28,T,4,Rain,357,94107
4/3/2014,62,54,46,46,44,42,86,69,51,30.13,30.1,30.05,10,10,10,16,8,20,0,5,,211,94107
4/4/2014,61,56,50,49,46,43,86,71,55,30.06,30.02,29.99,10,9,4,22,8,28,0.32,6,Rain,292,94107
4/5/2014,65,56,46,49,46,43,86,71,56,30.2,30.13,30.06,10,10,10,17,7,21,0,2,,292,94107
4/6/2014,72,61,49,54,50,45,93,71,49,30.25,30.18,30.11,10,10,10,16,5,29,0,2,,275,94107
4/7/2014,79,65,51,56,52,47,86,62,37,30.16,30.11,30.06,10,10,10,15,6,20,0,0,,291,94107
4/8/2014,78,67,56,56,53,50,93,70,46,30.12,30.07,30.03,10,10,10,16,6,20,0,3,,299,94107
4/9/2014,66,59,52,52,49,48,93,75,56,30.11,30.06,30,10,10,10,17,8,49,0,4,,295,94107
4/10/2014,74,63,51,54,50,47,89,71,53,30.05,29.99,29.9,10,10,8,18,7,26,0,5,,302,94107
4/11/2014,63,58,53,50,49,48,89,75,60,29.97,29.92,29.87,10,10,10,24,9,28,0,7,,298,94107
4/12/2014,64,59,54,48,47,45,77,69,60,29.96,29.92,29.88,10,10,10,21,11,28,0,5,,262,94107
4/13/2014,69,61,53,51,48,45,83,69,55,30.06,30.01,29.96,10,10,8,22,9,25,0,4,,262,94107
4/14/2014,68,59,50,52,49,48,89,73,56,30.13,30.07,30.03,10,9,6,21,8,23,0,5,,283,94107
4/15/2014,66,59,52,49,48,46,83,70,56,30.08,30,29.92,10,10,7,18,8,30,0,4,,275,94107
4/16/2014,73,62,50,50,49,45,83,64,44,29.93,29.89,29.83,10,9,7,18,8,24,0,2,,257,94107
4/17/2014,64,58,51,51,49,47,89,75,60,29.89,29.85,29.81,10,10,7,17,7,29,0,2,,262,94107
4/18/2014,64,58,51,51,48,45,83,70,56,29.97,29.92,29.88,10,10,10,18,8,31,0,3,,263,94107
4/19/2014,65,59,52,52,48,44,86,69,52,30.13,30.07,29.97,10,10,10,25,12,38,0,5,,262,94107
4/20/2014,76,63,50,52,48,44,86,60,33,30.16,30.11,30.07,10,10,10,21,6,36,0,3,,269,94107
4/21/2014,67,59,50,50,46,41,83,63,43,30.09,30.04,29.99,10,10,8,24,9,41,0,5,,275,94107
4/22/2014,65,59,52,50,42,36,83,60,37,30.14,30.06,29.98,10,10,4,31,19,36,T,5,Rain,287,94107
4/23/2014,67,56,45,49,41,35,72,56,39,30.16,30.12,30.09,10,10,10,24,9,33,0,3,,299,94107
4/24/2014,66,59,51,54,51,47,86,71,56,30.13,30.07,30,10,10,6,21,9,36,0.02,5,Rain,268,94107
4/25/2014,58,55,52,55,49,43,86,74,61,29.99,29.88,29.81,10,8,2,28,12,35,0.57,8,Rain,253,94107
4/26/2014,63,53,44,44,42,39,86,63,44,30.1,29.99,29.87,10,10,10,25,10,30,0,4,,280,94107
4/27/2014,64,58,52,49,46,43,66,57,48,30.14,30.09,30.05,10,10,7,24,13,30,T,5,Rain,234,94107
4/28/2014,71,59,47,49,46,43,93,67,40,30.23,30.19,30.15,10,10,8,20,7,28,0,1,,287,94107
4/29/2014,83,67,50,56,47,43,80,52,24,30.21,30.14,30.05,10,10,10,13,4,17,0,2,,254,94107
4/30/2014,89,73,57,56,50,42,80,53,25,30.09,30.05,30,10,10,10,13,5,20,0,2,,280,94107
5/1/2014,85,71,57,54,46,34,72,45,17,30.09,30.07,30.03,10,10,10,20,6,23,0,2,,290,94107
5/2/2014,72,63,53,56,52,50,93,71,49,30.1,30.06,30.02,10,10,10,21,8,28,0,5,Fog,282,94107
5/3/2014,67,61,54,52,50,48,86,69,52,30.06,30.04,30,10,10,10,29,16,,0,6,,262,94107
5/4/2014,68,63,57,51,51,49,80,66,52,30.07,30.04,30.02,10,10,10,22,15,25,0,5,,270,94107
5/5/2014,67,61,55,51,47,43,80,64,48,30.06,30.02,29.96,10,10,10,30,17,36,0,4,,276,94107
5/6/2014,69,61,52,49,45,41,72,58,44,29.95,29.92,29.88,10,10,10,25,11,32,0,1,,275,94107
5/7/2014,64,58,51,48,46,43,83,64,44,30.01,29.95,29.89,10,10,10,23,12,93,0,4,,218,94107
5/8/2014,65,60,54,56,50,45,84,73,62,30.1,30.06,30.01,10,10,6,18,10,23,T,7,Rain,246,94107
5/9/2014,69,62,55,54,50,44,86,64,42,30.17,30.13,30.1,10,10,7,29,16,35,T,5,,272,94107
5/10/2014,70,61,51,46,44,38,72,53,34,30.14,30.09,30.03,10,10,10,26,12,30,0,2,,289,94107
5/11/2014,77,65,53,48,41,32,67,45,23,30.1,30.07,30.02,10,10,10,25,10,32,0,1,,303,94107
5/12/2014,82,66,50,52,46,38,77,50,23,30.12,30.08,30.04,10,10,10,15,6,31,0,2,,299,94107
5/13/2014,91,74,56,51,44,35,67,43,19,30.13,30.1,30.07,10,10,10,15,5,21,0,1,,283,94107
5/14/2014,90,75,59,53,46,38,67,43,18,30.13,30.09,30.04,10,10,10,15,6,17,0,2,,291,94107
5/15/2014,83,70,57,50,47,41,69,47,25,30.1,30.08,30.05,10,10,10,20,6,21,0,3,,280,94107
5/16/2014,70,63,55,52,51,49,83,65,47,30.1,30.06,30,10,10,10,22,12,25,0,5,,266,94107
5/17/2014,67,61,55,52,51,50,86,71,56,30.03,30,29.97,10,10,10,22,13,29,0,6,,261,94107
5/18/2014,70,63,56,54,50,46,80,64,47,30,29.98,29.95,10,10,10,29,16,33,0,3,,276,94107
5/19/2014,68,62,56,51,49,48,77,65,52,29.98,29.96,29.93,10,10,10,28,16,32,0,5,,273,94107
5/20/2014,70,63,55,52,49,47,80,64,47,30.01,29.98,29.94,10,10,10,22,11,25,0,5,,262,94107
5/21/2014,70,63,55,52,50,48,83,68,53,29.99,29.97,29.93,10,10,9,22,11,24,0,5,,247,94107
5/22/2014,69,62,54,52,50,48,89,72,55,30.05,29.98,29.94,10,10,10,18,11,22,0,6,,275,94107
5/23/2014,68,61,54,52,51,48,86,72,58,30.05,30.01,29.96,10,10,10,22,10,28,0,6,,272,94107
5/24/2014,67,61,55,52,51,48,86,71,56,30.02,29.99,29.95,10,10,10,20,10,26,0,3,,265,94107
5/25/2014,73,65,56,52,49,48,77,61,44,30,29.96,29.92,10,10,10,17,8,20,0,1,,242,94107
5/26/2014,73,62,51,54,51,47,89,71,53,30.03,30,29.96,10,10,9,20,8,23,T,0,,258,94107
5/27/2014,68,61,54,49,48,45,83,64,45,30.07,30.03,29.99,10,10,10,18,8,24,0,1,,264,94107
5/28/2014,74,62,49,50,45,36,83,57,30,30.07,30.02,29.96,10,10,10,22,9,26,0,0,,287,94107
5/29/2014,77,64,51,53,47,40,83,55,27,29.96,29.94,29.91,10,10,10,20,8,23,0,1,,267,94107
5/30/2014,64,59,53,49,48,47,83,70,56,29.99,29.96,29.92,10,10,9,20,12,24,0,6,,262,94107
5/31/2014,69,61,53,52,49,48,89,71,53,29.98,29.96,29.92,10,10,10,18,10,22,T,4,,256,94107
6/1/2014,72,62,51,52,50,48,93,71,49,29.94,29.89,29.81,10,9,5,17,9,32,0,3,,305,94107
6/2/2014,67,60,52,51,49,48,89,73,56,29.92,29.89,29.84,10,10,10,23,11,44,0,6,,259,94107
6/3/2014,67,60,52,50,49,48,83,68,52,29.96,29.92,29.88,10,10,10,20,11,,0,4,,278,94107
6/4/2014,70,61,52,52,51,48,89,71,53,29.92,29.89,29.84,10,10,6,20,8,21,0,4,,288,94107
6/5/2014,67,60,52,52,51,48,89,74,58,29.88,29.85,29.81,10,9,6,21,11,25,0,3,,314,94107
6/6/2014,68,61,53,52,51,50,89,74,58,29.86,29.83,29.81,10,10,8,21,10,24,0,3,,320,94107
6/7/2014,70,63,56,53,51,50,86,71,55,29.86,29.83,29.79,10,9,7,18,8,23,0,3,,297,94107
6/8/2014,86,70,53,56,53,49,89,61,32,29.83,29.78,29.72,10,9,7,18,7,23,0,0,,304,94107
6/9/2014,78,68,58,56,54,53,80,67,53,29.76,29.73,29.7,10,9,7,22,10,25,0,1,,305,94107
6/10/2014,68,63,57,55,54,52,86,73,59,29.84,29.78,29.73,10,10,9,23,10,28,0,4,,318,94107
6/11/2014,70,64,58,55,53,51,78,66,53,29.92,29.86,29.82,10,10,10,23,12,31,0,5,,258,94107
6/12/2014,66,61,55,52,49,48,80,68,56,30.01,29.96,29.91,10,10,10,21,14,25,0,5,,257,94107
6/13/2014,72,64,55,53,51,48,83,65,47,29.99,29.96,29.93,10,10,10,17,8,23,0,2,,238,94107
6/14/2014,80,67,53,54,50,48,89,63,36,29.95,29.9,29.85,10,10,10,23,9,25,0,2,,282,94107
6/15/2014,68,61,54,52,50,48,80,66,52,29.86,29.83,29.81,10,10,8,24,13,26,0,5,,248,94107
6/16/2014,65,61,56,50,48,46,83,70,56,29.94,29.9,29.85,10,10,10,22,14,26,0,5,,248,94107
6/17/2014,73,62,50,50,47,43,77,56,35,29.97,29.93,29.9,10,10,10,21,7,23,0,1,,246,94107
6/18/2014,82,68,53,52,49,46,77,53,28,29.96,29.94,29.91,10,10,10,21,7,23,0,0,,280,94107
6/19/2014,70,61,52,52,50,48,86,70,53,30.01,29.98,29.95,10,10,9,22,9,32,0,2,,302,94107
6/20/2014,74,64,54,54,52,49,86,66,46,30,29.97,29.94,10,10,10,22,10,24,0,4,,250,94107
6/21/2014,65,59,53,50,49,48,83,70,56,29.95,29.93,29.91,10,10,10,20,8,23,0,5,,276,94107
6/22/2014,66,60,54,50,49,48,77,67,56,29.97,29.94,29.9,10,10,10,25,12,30,0,4,,249,94107
6/23/2014,70,63,55,52,50,47,83,67,51,29.97,29.95,29.93,10,10,10,20,9,29,0,5,,252,94107
6/24/2014,70,62,54,55,52,48,83,71,58,30.02,29.98,29.96,10,10,10,21,10,26,0,3,,269,94107
6/25/2014,68,63,57,58,55,53,90,79,68,30.02,29.99,29.97,10,10,8,21,13,33,T,7,,263,94107
6/26/2014,70,65,59,57,55,53,90,74,57,30.01,29.99,29.97,10,10,7,18,12,32,T,5,Rain,261,94107
6/27/2014,71,64,57,59,56,53,86,76,66,30.01,29.98,29.94,10,10,10,21,9,29,0,5,,261,94107
6/28/2014,72,65,57,55,54,52,87,72,57,29.98,29.95,29.91,10,10,10,20,9,25,0,3,,253,94107
6/29/2014,80,67,54,55,52,50,87,62,37,29.95,29.9,29.83,10,10,10,18,8,22,0,0,,276,94107
6/30/2014,82,70,57,57,54,52,84,63,42,29.84,29.82,29.79,10,10,8,20,9,35,0,3,,304,94107
7/1/2014,72,64,56,55,54,53,93,73,53,29.87,29.83,29.8,10,10,10,21,10,29,0,5,,316,94107
7/2/2014,70,64,57,55,54,53,86,72,57,29.92,29.88,29.85,10,10,10,21,11,23,0,6,,265,94107
7/3/2014,69,62,54,54,52,52,86,71,55,29.96,29.92,29.9,10,10,10,18,10,25,0,3,,264,94107
7/4/2014,67,61,54,54,52,51,93,76,58,30.02,29.97,29.91,10,10,9,21,9,24,0,4,,320,94107
7/5/2014,72,63,53,54,53,51,93,73,53,30.09,30.04,30.02,10,10,10,18,7,32,0,3,,299,94107
7/6/2014,70,62,53,53,52,51,93,73,53,30.07,30.01,29.95,10,10,10,21,10,25,0,3,,296,94107
7/7/2014,70,62,54,55,54,52,93,76,59,29.94,29.9,29.85,10,10,10,23,9,35,0,7,,314,94107
7/8/2014,68,63,57,55,54,54,93,78,63,29.93,29.91,29.86,10,10,10,18,9,28,0,5,,311,94107
7/9/2014,71,64,57,56,55,54,93,77,61,29.96,29.91,29.87,10,10,10,20,8,23,0,4,,314,94107
7/10/2014,73,67,60,56,55,54,84,71,57,29.95,29.92,29.88,10,10,10,18,9,22,0,4,,270,94107
7/11/2014,72,67,61,56,54,52,84,69,53,30.08,30.01,29.94,10,10,10,22,13,25,0,5,,262,94107
7/12/2014,70,64,58,55,54,53,80,69,57,30.1,30.07,30.04,10,10,6,23,12,25,T,5,,273,94107
7/13/2014,71,65,58,56,54,53,86,74,61,30.05,29.99,29.89,10,9,6,16,8,21,T,6,,280,94107
7/14/2014,76,67,57,58,55,52,87,70,53,29.94,29.9,29.86,10,10,9,24,9,30,0,3,,310,94107
7/15/2014,77,68,59,61,58,55,90,73,56,30.01,29.97,29.92,10,10,10,20,11,23,0,6,,321,94107
7/16/2014,74,68,62,59,57,56,90,74,57,30.04,30,29.98,10,10,10,23,14,28,0,6,,285,94107
7/17/2014,73,68,63,57,56,55,78,68,57,30.02,29.99,29.97,10,10,10,21,13,24,0,4,,275,94107
7/18/2014,71,67,63,57,56,55,84,73,61,30.03,29.99,29.95,10,10,10,20,12,23,0,6,,276,94107
7/19/2014,72,67,62,58,56,55,84,71,57,29.97,29.96,29.94,10,10,10,20,10,24,0,6,,293,94107
7/20/2014,73,68,62,59,58,57,84,73,61,30,29.97,29.93,10,10,10,20,11,25,0,6,,297,94107
7/21/2014,74,69,63,60,58,56,78,68,57,30.07,30.03,29.98,10,10,10,20,11,22,0,5,,293,94107
7/22/2014,76,70,63,58,57,55,78,64,50,30.12,30.07,30.04,10,10,10,21,10,30,0.01,5,Rain,276,94107
7/23/2014,76,70,63,60,58,56,78,68,57,30.15,30.1,30.05,10,10,10,20,9,23,0,4,,266,94107
7/24/2014,83,73,62,59,57,54,84,63,42,30.05,29.96,29.85,10,10,10,17,7,20,0,2,,284,94107
7/25/2014,90,75,60,59,56,45,84,53,22,29.89,29.86,29.83,10,10,8,18,8,22,0,0,,293,94107
7/26/2014,77,69,61,58,56,55,78,66,53,29.96,29.92,29.88,10,10,9,21,11,23,0,2,,310,94107
7/27/2014,78,70,61,58,57,56,84,67,50,30,29.96,29.93,10,10,9,23,11,25,0,4,,307,94107
7/28/2014,72,67,61,57,56,55,84,71,57,30.06,30.03,29.99,10,10,10,21,10,24,0,6,,316,94107
7/29/2014,76,68,60,58,56,55,84,67,50,30.06,30.03,29.99,10,10,10,20,11,22,0,2,,303,94107
7/30/2014,73,66,59,57,56,55,84,71,57,30.02,29.99,29.95,10,10,10,21,11,24,0,4,,305,94107
7/31/2014,71,65,59,57,56,55,87,72,57,30,29.95,29.89,10,10,9,17,9,22,0,5,,307,94107
8/1/2014,72,65,58,59,56,54,90,74,57,29.94,29.91,29.88,10,9,7,18,9,22,0,3,,305,94107
8/2/2014,68,64,60,56,55,54,84,76,67,29.97,29.94,29.91,10,10,9,18,10,23,0,6,,293,94107
8/3/2014,69,65,61,56,55,54,84,72,59,29.98,29.95,29.93,10,10,10,18,11,29,0,7,,274,94107
8/4/2014,73,67,61,56,55,54,84,71,57,30.01,29.98,29.94,10,10,10,17,10,21,0,7,,281,94107
8/5/2014,74,68,62,59,57,55,84,71,57,30.08,30.03,30.01,10,10,10,20,7,26,T,7,,294,94107
8/6/2014,78,69,60,61,59,55,87,71,54,30.03,30,29.96,10,10,10,20,8,36,T,6,Rain,299,94107
8/7/2014,69,65,60,56,55,54,84,73,61,29.99,29.96,29.92,10,10,8,18,7,29,0,5,,291,94107
8/8/2014,73,66,58,55,54,52,84,69,53,29.94,29.92,29.88,10,9,7,20,11,28,0,3,,274,94107
8/9/2014,67,63,59,55,54,53,80,74,67,30,29.96,29.91,10,10,9,21,12,31,T,6,,255,94107
8/10/2014,73,67,60,56,55,54,84,71,57,30.02,29.98,29.94,10,10,10,22,9,36,T,6,,262,94107
8/11/2014,73,67,61,57,56,55,84,69,53,29.97,29.94,29.9,10,10,10,18,9,22,0,4,,305,94107
8/12/2014,74,68,61,56,55,53,78,66,53,30,29.96,29.93,10,10,10,20,10,31,0,6,,275,94107
8/13/2014,75,68,60,57,55,54,84,69,53,30.02,29.97,29.94,10,10,10,21,9,24,0,5,,276,94107
8/14/2014,73,66,59,57,56,55,84,71,57,29.98,29.95,29.9,10,10,10,20,9,26,0,5,,315,94107
8/15/2014,74,66,58,57,56,54,87,70,53,30.02,29.98,29.95,10,10,8,18,9,39,0,4,,323,94107
8/16/2014,73,67,60,57,56,55,84,73,61,30.06,30.01,29.97,10,10,10,20,9,23,0,4,,305,94107
8/17/2014,72,65,58,57,55,54,84,73,61,30.05,30,29.93,10,10,10,21,10,24,0,5,,293,94107
8/18/2014,68,64,60,57,55,55,84,76,68,29.93,29.88,29.84,10,10,9,22,11,28,T,7,,271,94107
8/19/2014,74,67,60,57,56,55,84,71,57,29.88,29.85,29.81,10,10,9,21,10,23,T,5,Rain,266,94107
8/20/2014,73,68,62,57,56,55,84,71,57,29.94,29.9,29.86,10,10,10,18,10,28,0,5,,263,94107
8/21/2014,75,68,61,59,57,56,84,71,57,29.97,29.94,29.91,10,10,10,20,8,23,0,4,,298,94107
8/22/2014,75,69,62,59,57,55,90,74,57,29.95,29.93,29.91,10,10,10,21,8,28,0,5,,273,94107
8/23/2014,75,68,60,56,55,53,78,64,49,29.97,29.91,29.86,10,10,10,16,9,20,0,3,,269,94107
8/24/2014,74,67,59,56,55,54,84,69,53,29.92,29.87,29.82,10,10,10,21,11,23,0,4,,291,94107
8/25/2014,72,68,63,56,55,54,73,63,53,29.96,29.89,29.85,10,10,10,18,11,24,0,5,,265,94107
8/26/2014,75,69,62,57,55,53,78,64,49,30.03,29.99,29.95,10,10,10,18,9,23,0,2,,284,94107
8/27/2014,77,68,59,59,57,55,84,69,54,30.07,30.04,30,10,10,8,21,9,22,0,1,,302,94107
8/28/2014,75,68,60,59,57,55,90,74,57,30.08,30.03,29.94,10,10,10,20,9,22,0,4,,296,94107
8/29/2014,72,67,61,58,57,55,84,75,66,29.98,29.94,29.9,10,10,10,21,7,24,T,7,,272,94107
8/30/2014,77,68,59,60,58,56,87,71,54,29.93,29.9,29.87,10,10,10,18,8,21,0,3,Fog,267,94107
8/31/2014,76,69,61,59,57,54,84,69,54,29.95,29.9,29.85,10,10,10,17,8,28,0,3,,279,94107
3/1/2014,64,58,53,55,51,48,100,85,56,29.82,29.61,29.47,10,10,5,17,9,25,0.01,7,Rain,144,94063
3/2/2014,60,55,50,55,51,48,100,87,63,30.18,29.98,29.82,10,10,2,12,2,17,0,5,Rain,216,94063
3/3/2014,59,54,48,54,49,46,94,87,67,30.18,30.12,30.01,10,10,9,20,2,31,0,6,Rain,133,94063
3/4/2014,64,60,55,55,53,50,94,86,68,30.12,30.09,30.05,10,10,10,13,4,,0,6,,322,94063
3/5/2014,71,63,55,57,54,46,94,85,41,30.12,30.07,30,10,9,2,17,3,22,0.02,7,Rain,160,94063
3/6/2014,64,58,53,59,53,48,100,86,59,30.21,30.14,30.07,10,9,3,12,5,,0,6,Rain,291,94063
3/7/2014,66,58,50,50,46,43,94,76,43,30.19,30.16,30.11,10,10,10,9,3,,0,1,,310,94063
3/8/2014,71,60,48,54,47,45,93,75,38,30.21,30.16,30.12,10,10,10,8,2,,0,2,,311,94063
3/9/2014,71,64,57,55,49,45,77,65,46,30.19,30.14,30.07,10,10,10,8,2,,0,3,,331,94063
3/10/2014,66,60,55,54,49,45,88,70,49,30.25,30.17,30.11,10,10,10,14,5,18,0,4,,310,94063
3/11/2014,68,59,50,46,39,28,77,51,27,30.21,30.12,30.03,10,10,10,15,6,20,0,0,,341,94063
3/12/2014,71,63,55,45,36,28,55,39,24,30.11,30.04,30,10,10,8,18,9,20,0,0,,18,94063
3/13/2014,77,64,50,46,36,27,72,47,17,30.08,30.04,29.98,10,10,5,10,2,,0,0,,310,94063
3/14/2014,69,58,48,52,46,41,87,72,46,30.24,30.15,30.09,10,10,7,10,3,,0,1,,295,94063
3/15/2014,77,62,48,54,47,41,94,71,28,30.31,30.27,30.23,10,10,10,9,2,,0,0,,330,94063
3/16/2014,75,62,50,55,46,41,82,70,29,30.32,30.28,30.2,10,10,10,12,2,17,0,1,,313,94063
3/17/2014,66,60,53,48,44,41,82,66,43,30.26,30.13,29.99,10,10,10,22,10,29,0,2,,295,94063
3/18/2014,68,57,46,43,37,27,76,58,24,29.99,29.96,29.91,10,10,10,12,1,,0,1,,279,94063
3/19/2014,71,58,46,46,38,32,71,52,28,30.1,30.03,29.98,10,10,10,8,2,,0,1,,328,94063
3/20/2014,69,61,53,54,42,39,68,57,38,30.07,30.02,29.95,10,10,10,13,2,,0,2,,307,94063
3/21/2014,64,55,46,50,43,39,81,71,52,30.01,29.98,29.95,10,10,8,13,3,18,0,1,,276,94063
3/22/2014,66,56,46,50,44,41,87,73,52,30.13,30.06,30,10,10,6,12,3,,0,4,,284,94063
3/23/2014,66,57,48,52,45,43,87,75,46,30.19,30.14,30.09,10,10,7,12,2,,0,3,,300,94063
3/24/2014,75,62,48,52,43,32,93,67,22,30.16,30.1,30.02,10,10,6,10,3,,0,0,,311,94063
3/25/2014,62,53,44,55,42,32,88,66,47,30.07,29.99,29.89,10,10,4,12,5,17,0,3,Rain,265,94063
3/26/2014,60,55,50,50,48,46,88,79,63,30,29.88,29.83,10,9,2,16,6,20,0,5,Rain,232,94063
3/27/2014,62,58,53,50,47,41,88,71,45,30.15,30.06,29.99,10,10,5,13,3,16,0.03,7,Rain,227,94063
3/28/2014,68,60,53,50,48,46,88,71,52,30.2,30.15,30.12,10,10,10,14,4,17,0,4,,186,94063
3/29/2014,59,55,51,55,50,46,100,82,72,30.15,30.08,30.03,10,8,2,15,7,,0,6,Rain,192,94063
3/30/2014,59,54,48,46,45,39,87,78,48,30.15,30.1,30.06,10,10,10,12,6,,0,2,,274,94063
3/31/2014,55,50,44,48,43,41,94,84,67,30.09,29.97,29.86,10,9,1,20,4,24,0,4,Rain,164,94063
4/1/2014,57,50,44,46,43,39,100,86,51,29.95,29.91,29.85,10,10,4,15,7,21,0,5,Rain,162,94063
4/2/2014,59,52,44,45,42,39,93,76,48,30.12,30.01,29.89,10,10,3,10,4,,0.02,4,Rain,282,94063
4/3/2014,62,53,44,48,43,39,87,75,42,30.13,30.1,30.04,10,10,10,13,3,17,0,3,,204,94063
4/4/2014,57,54,50,48,46,41,94,79,55,30.07,30.03,29.99,10,9,2,13,7,21,0.04,6,Rain,260,94063
4/5/2014,64,56,48,50,46,43,93,75,52,30.21,30.13,30.07,10,10,10,17,5,22,0,2,,288,94063
4/6/2014,77,62,48,52,46,45,87,69,34,30.25,30.19,30.11,10,10,10,10,1,,0,0,,318,94063
4/7/2014,80,66,53,55,49,48,82,62,34,30.16,30.11,30.06,10,10,2,13,1,,0,0,,327,94063
4/8/2014,82,70,57,59,52,46,88,68,30,30.12,30.07,30.02,10,10,10,13,3,,0,1,,339,94063
4/9/2014,68,60,51,55,50,46,88,77,52,30.11,30.06,30,10,10,7,10,4,,0,2,,335,94063
4/10/2014,73,62,50,55,49,45,94,82,44,30.05,30,29.9,10,9,5,8,2,,0,3,,327,94063
4/11/2014,66,60,53,54,50,48,88,80,56,29.96,29.92,29.85,10,10,8,12,4,,0,4,,307,94063
4/12/2014,66,58,50,50,47,45,82,73,52,29.97,29.91,29.87,10,10,10,16,4,20,0,4,,236,94063
4/13/2014,69,61,53,54,48,45,82,73,49,30.06,30.01,29.97,10,10,10,13,4,,0,4,,273,94063
4/14/2014,69,60,51,54,49,46,88,77,49,30.13,30.07,30.03,10,10,7,12,4,,0,3,,320,94063
4/15/2014,69,60,51,54,47,43,88,72,46,30.08,30.01,29.91,10,10,7,14,5,17,0,2,,291,94063
4/16/2014,77,64,50,52,47,45,87,66,34,29.94,29.9,29.82,10,9,5,14,3,,0,2,,302,94063
4/17/2014,66,60,53,50,48,45,82,70,52,29.89,29.85,29.81,10,10,8,22,5,28,0,1,,265,94063
4/18/2014,66,58,50,54,46,41,87,69,49,29.97,29.92,29.88,10,10,10,16,7,,0,1,,294,94063
4/19/2014,66,58,50,52,46,41,82,71,42,30.15,30.06,29.97,10,10,10,20,5,17,0,2,,267,94063
4/20/2014,80,66,51,54,45,30,88,63,23,30.15,30.12,30.07,10,10,10,13,3,,0,0,,303,94063
4/21/2014,66,58,50,50,43,36,77,61,34,30.1,30.05,29.99,10,10,7,18,4,24,0,4,,285,94063
4/22/2014,60,55,50,50,42,32,94,66,34,30.15,30.08,29.98,10,10,3,22,11,28,0,4,Rain,284,94063
4/23/2014,64,57,50,48,42,37,77,64,40,30.16,30.13,30.11,10,10,10,16,9,20,0,1,,286,94063
4/24/2014,66,60,53,54,50,48,88,78,56,30.13,30.08,30,10,10,4,16,6,20,0,4,Rain,276,94063
4/25/2014,57,54,50,54,49,41,88,79,58,30,29.9,29.82,10,9,2,16,7,23,0,8,Rain,264,94063
4/26/2014,59,54,48,45,42,34,82,69,39,30.12,29.98,29.87,10,10,10,20,11,28,0,3,,278,94063
4/27/2014,62,58,53,48,45,41,77,67,45,30.15,30.1,30.05,10,10,10,17,5,22,0,5,,221,94063
4/28/2014,71,60,50,48,42,27,82,59,23,30.24,30.18,30.16,10,10,10,16,5,23,0,0,,298,94063
4/29/2014,86,70,53,57,43,37,77,50,19,30.21,30.15,30.06,10,10,9,10,1,,0,1,,341,94063
4/30/2014,89,74,59,57,46,36,68,47,15,30.09,30.05,30,10,10,10,10,2,,0,2,,306,94063
5/1/2014,86,72,59,57,44,30,73,43,15,30.1,30.06,30.03,10,10,10,122,4,,0,1,,323,94063
5/2/2014,77,67,57,54,45,39,77,55,34,30.1,30.07,30.01,10,10,10,13,2,,0,2,,303,94063
5/3/2014,66,60,53,50,49,45,88,73,46,30.07,30.05,30.01,10,10,10,21,7,24,0,2,,288,94063
5/4/2014,66,60,55,50,50,46,77,72,49,30.08,30.05,30.03,10,10,10,16,7,18,0,3,,279,94063
5/5/2014,64,60,53,50,47,43,77,69,48,30.06,30.03,29.98,10,10,10,23,11,32,0,2,,285,94063
5/6/2014,66,58,51,46,45,39,77,64,37,29.98,29.94,29.9,10,10,9,23,13,32,0,1,,276,94063
5/7/2014,62,56,50,46,45,45,82,73,52,30.04,29.97,29.92,10,10,9,21,8,26,0,5,,249,94063
5/8/2014,66,60,53,55,50,43,94,75,59,30.11,30.07,30.03,10,10,8,12,6,,0,6,,250,94063
5/9/2014,66,60,55,55,49,41,94,75,42,30.18,30.15,30.11,10,10,8,20,8,26,0,5,,285,94063
5/10/2014,64,58,53,45,44,39,72,64,42,30.17,30.12,30.06,10,10,10,26,10,34,0,0,,290,94063
5/11/2014,75,64,53,46,39,30,72,49,20,30.11,30.08,30.03,10,10,10,18,7,25,0,0,,296,94063
5/12/2014,86,68,51,50,37,28,77,41,13,30.12,30.08,30.03,10,10,10,12,1,,0,1,,337,94063
5/13/2014,91,75,59,55,38,32,57,33,13,30.15,30.1,30.07,10,10,10,13,2,16,0,0,,337,94063
5/14/2014,91,76,62,55,38,27,53,31,15,30.14,30.1,30.04,10,10,10,14,4,,0,1,,299,94063
5/15/2014,87,74,62,50,36,25,52,31,12,30.1,30.08,30.05,10,10,10,15,2,21,0,1,,308,94063
5/16/2014,80,68,55,55,47,41,82,60,28,30.1,30.07,30.01,10,10,10,15,5,20,0,1,,283,94063
5/17/2014,66,60,55,52,50,46,82,72,56,30.04,30.01,29.98,10,10,10,17,8,23,0,3,,263,94063
5/18/2014,68,62,57,52,48,45,77,66,49,30.02,29.99,29.96,10,10,10,23,12,31,0,2,,278,94063
5/19/2014,64,60,55,54,48,46,88,71,52,29.99,29.97,29.95,10,10,3,20,13,25,0,3,Rain,273,94063
5/20/2014,68,60,53,54,49,48,82,74,52,30.03,29.99,29.96,10,10,10,16,7,24,0,5,,267,94063
5/21/2014,73,64,55,55,50,48,82,75,41,30,29.97,29.92,10,10,10,21,7,23,0,3,,284,94063
5/22/2014,71,63,55,55,51,50,82,76,50,30.05,29.98,29.94,10,10,10,13,6,,0,4,,293,94063
5/23/2014,73,64,55,54,51,48,82,73,47,30.05,30.01,29.96,10,10,10,22,7,24,0,5,,288,94063
5/24/2014,69,63,57,54,50,46,82,68,49,30.02,29.99,29.95,10,10,10,15,6,21,0,1,,284,94063
5/25/2014,80,68,55,57,47,37,82,62,24,29.99,29.96,29.93,10,10,8,24,5,30,0,0,,294,94063
5/26/2014,80,68,55,57,47,37,77,59,37,30.04,30,29.97,10,10,8,23,4,33,0,0,,288,94063
5/27/2014,71,62,53,46,44,37,77,57,35,30.07,30.04,30,10,10,10,20,9,28,0,0,,276,94063
5/28/2014,75,64,53,46,39,36,59,47,25,30.08,30.02,29.96,10,10,10,15,8,21,0,0,,298,94063
5/29/2014,80,66,53,50,41,32,67,48,17,29.97,29.94,29.9,10,10,10,20,3,23,0,0,,305,94063
5/30/2014,64,58,53,48,47,45,82,71,52,30,29.95,29.92,10,10,8,22,7,26,0,2,,281,94063
5/31/2014,71,62,53,54,49,45,82,74,46,29.99,29.96,29.91,10,10,10,14,8,18,0,4,,317,94063
6/1/2014,75,64,53,55,49,46,88,72,36,29.94,29.88,29.79,10,10,9,14,4,,0,2,,328,94063
6/2/2014,68,60,53,50,48,46,82,74,49,29.93,29.88,29.84,10,10,10,17,5,24,0,4,,269,94063
6/3/2014,68,60,51,54,49,46,82,74,52,29.96,29.92,29.87,10,10,10,12,5,,0,3,,286,94063
6/4/2014,78,66,53,57,52,48,88,77,44,29.92,29.88,29.82,10,9,6,13,3,,0,3,,349,94063
6/5/2014,75,64,53,57,52,48,88,76,47,29.88,29.85,29.8,10,10,7,13,4,,0,2,,343,94063
6/6/2014,71,63,55,55,52,50,88,77,53,29.85,29.83,29.79,10,9,2,12,5,16,0,4,,303,94063
6/7/2014,73,64,55,59,53,50,88,78,53,29.86,29.83,29.78,10,10,7,13,4,,0,4,,341,94063
6/8/2014,95,76,57,61,54,45,88,68,19,29.84,29.79,29.71,10,8,5,15,2,,0,1,,337,94063
6/9/2014,86,74,62,64,56,52,77,68,33,29.77,29.73,29.68,10,10,8,14,3,,0,0,,339,94063
6/10/2014,77,67,57,57,55,54,88,76,47,29.84,29.77,29.73,10,10,8,13,5,16,0,2,,307,94063
6/11/2014,73,65,57,57,52,50,82,73,53,29.92,29.86,29.82,10,10,10,16,5,21,0,1,,268,94063
6/12/2014,66,60,53,50,49,46,88,73,49,30.01,29.96,29.92,10,10,10,21,9,26,0,2,,253,94063
6/13/2014,77,66,55,54,48,46,77,65,36,30,29.96,29.94,10,10,10,17,5,22,0,0,,269,94063
6/14/2014,80,68,55,57,48,45,82,64,32,29.95,29.91,29.85,10,10,10,13,5,21,0,1,,300,94063
6/15/2014,68,62,55,50,48,46,77,70,49,29.89,29.84,29.82,10,9,6,22,9,29,0,4,,263,94063
6/16/2014,62,58,55,50,48,45,82,72,59,29.95,29.91,29.87,10,10,8,20,12,26,0,4,,242,94063
6/17/2014,75,62,50,46,43,37,72,56,25,29.97,29.93,29.9,10,10,9,15,3,20,0,0,,278,94063
6/18/2014,86,70,55,57,42,32,72,47,15,29.96,29.93,29.91,10,10,10,15,2,22,0,0,,302,94063
6/19/2014,73,64,55,57,48,46,77,64,38,30,29.98,29.95,10,10,10,18,5,,0,1,,301,94063
6/20/2014,82,68,55,59,49,41,82,64,23,30,29.97,29.94,10,10,10,16,5,22,0,1,,274,94063
6/21/2014,68,62,55,50,47,45,77,64,43,29.96,29.93,29.91,10,10,9,14,5,18,0,2,,283,94063
6/22/2014,68,60,53,52,49,48,82,75,49,29.98,29.94,29.91,10,10,9,21,6,26,0,2,,276,94063
6/23/2014,75,64,53,55,49,45,82,68,38,29.98,29.95,29.93,10,10,10,16,6,22,0,1,,285,94063
6/24/2014,73,65,57,54,50,46,82,66,44,30.03,29.99,29.97,10,10,10,24,4,32,0,0,,280,94063
6/25/2014,66,62,57,57,55,54,88,80,68,30.03,29.99,29.98,10,10,10,14,6,23,0,3,,263,94063
6/26/2014,73,66,59,57,55,48,94,78,43,30.01,29.99,29.97,10,10,10,14,7,18,0,5,,260,94063
6/27/2014,77,67,57,59,55,54,88,77,50,30.01,29.98,29.94,10,10,10,15,6,17,0,1,,282,94063
6/28/2014,75,67,59,55,53,48,88,71,41,29.98,29.96,29.92,10,10,10,16,8,21,0,2,,260,94063
6/29/2014,86,72,57,59,51,45,82,60,26,29.95,29.91,29.83,10,10,10,14,5,,0,0,,298,94063
6/30/2014,89,76,62,64,53,50,77,61,26,29.85,29.82,29.77,10,10,9,14,3,,0,1,,333,94063
7/1/2014,75,67,59,57,55,46,88,75,36,29.86,29.83,29.8,10,10,9,12,5,,0,3,,291,94063
7/2/2014,73,65,57,57,54,52,88,75,50,29.92,29.88,29.85,10,10,10,20,6,25,0,4,,275,94063
7/3/2014,77,67,57,55,52,50,82,69,44,29.95,29.92,29.89,10,10,10,20,6,24,0,0,,285,94063
7/4/2014,78,66,55,57,52,45,94,75,32,30.02,29.95,29.91,10,10,5,14,4,18,0,2,,324,94063
7/5/2014,82,68,55,59,53,43,94,76,25,30.08,30.04,30,10,10,8,14,4,,0,3,,341,94063
7/6/2014,75,64,53,55,52,48,88,75,47,30.07,30.02,29.94,10,10,10,10,4,,0,1,,327,94063
7/7/2014,80,68,57,57,54,50,88,75,39,29.95,29.91,29.83,10,10,10,15,4,,0,2,,339,94063
7/8/2014,73,66,59,57,55,54,82,76,53,29.93,29.89,29.87,10,10,10,13,4,16,0,2,,299,94063
7/9/2014,75,67,59,59,56,55,88,77,50,29.96,29.91,29.85,10,10,10,13,4,,0,4,,295,94063
7/10/2014,75,68,60,57,56,55,82,73,50,29.95,29.91,29.86,10,10,10,16,6,22,0,3,,258,94063
7/11/2014,73,66,59,55,54,54,88,73,53,30.09,30,29.95,10,10,10,16,6,24,0,2,,266,94063
7/12/2014,73,66,57,57,54,54,88,77,53,30.1,30.07,30.03,10,10,10,16,8,21,0,4,,297,94063
7/13/2014,77,67,57,59,55,54,88,77,50,30.06,29.99,29.89,10,10,10,12,7,,0,5,,314,94063
7/14/2014,80,70,60,63,56,54,82,73,45,29.94,29.9,29.86,10,10,10,9,3,,0,1,,331,94063
7/15/2014,80,70,59,64,59,55,88,74,54,30.01,29.95,29.92,10,10,9,12,4,,0,2,,330,94063
7/16/2014,77,70,64,63,58,55,83,72,50,30.04,29.99,29.96,10,10,10,16,5,21,0,3,Rain,272,94063
7/17/2014,75,68,62,59,56,55,82,71,53,30.02,29.99,29.95,10,10,10,16,4,22,0,1,Rain,273,94063
7/18/2014,73,66,60,59,56,54,88,73,57,30.03,29.99,29.93,10,10,10,15,3,21,0,3,,267,94063
7/19/2014,75,68,62,59,57,55,83,73,53,29.97,29.95,29.92,10,10,10,13,4,18,0,5,,314,94063
7/20/2014,77,70,62,63,58,57,83,74,54,30,29.96,29.94,10,10,10,15,5,21,0,5,,311,94063
7/21/2014,75,70,64,59,57,54,78,70,53,30.05,30.01,29.98,10,10,10,15,4,21,0,2,,277,94063
7/22/2014,75,68,62,57,57,54,82,71,53,30.12,30.07,30.04,10,10,10,16,6,22,0,3,,286,94063
7/23/2014,77,70,62,63,57,55,82,73,53,30.15,30.1,30.06,10,10,10,16,5,20,0,3,,289,94063
7/24/2014,89,74,59,63,55,48,88,63,29,30.06,29.96,29.84,10,10,10,13,4,21,0,0,,314,94063
7/25/2014,93,78,62,64,55,43,78,60,21,29.89,29.86,29.82,10,10,10,15,2,,0,0,,320,94063
7/26/2014,84,73,62,63,56,50,78,67,33,29.96,29.91,29.88,10,10,9,17,4,,0,1,,328,94063
7/27/2014,80,71,62,63,57,55,82,71,42,30,29.97,29.92,10,10,10,13,4,,0,1,,342,94063
7/28/2014,78,70,62,61,57,55,88,74,47,30.06,30.03,29.99,10,10,10,14,5,,0,4,,345,94063
7/29/2014,78,69,60,63,57,52,88,74,39,30.07,30.03,29.96,10,10,10,15,5,,0,1,,340,94063
7/30/2014,75,67,59,61,57,55,88,77,57,30.02,29.99,29.94,10,10,10,14,4,,0,2,,344,94063
7/31/2014,73,66,59,63,57,54,88,82,50,30,29.96,29.9,10,10,8,9,3,,0,3,,350,94063
8/1/2014,78,68,59,63,57,55,88,78,51,29.94,29.91,29.87,10,10,8,12,3,,0,1,,339,94063
8/2/2014,75,67,59,61,56,55,94,81,53,29.97,29.93,29.89,10,10,9,16,5,,0,4,,327,94063
8/3/2014,71,65,59,59,56,54,88,77,57,29.98,29.95,29.91,10,10,10,14,6,,0,6,,270,94063
8/4/2014,71,65,59,57,56,54,88,77,60,30.01,29.97,29.95,10,10,10,12,6,,0,6,,293,94063
8/5/2014,75,68,62,63,58,55,83,75,57,30.08,30.03,30.01,10,10,10,13,5,18,0,5,,311,94063
8/6/2014,82,72,62,64,59,57,88,74,42,30.04,30.01,29.94,10,10,10,15,5,20,0,4,Rain,329,94063
8/7/2014,75,68,62,59,56,54,88,74,50,29.99,29.96,29.91,10,10,10,14,6,,0,4,,313,94063
8/8/2014,78,68,59,57,54,50,82,70,41,29.95,29.92,29.87,10,10,7,14,4,16,0,2,,290,94063
8/9/2014,71,65,59,55,53,50,88,73,53,30.01,29.95,29.91,10,10,9,22,7,26,0,3,,278,94063
8/10/2014,75,66,57,59,55,54,88,77,50,30.02,29.98,29.92,10,10,10,14,6,16,0,3,,288,94063
8/11/2014,77,68,60,59,57,55,83,73,47,29.97,29.94,29.89,10,10,10,12,4,,0,4,,303,94063
8/12/2014,75,67,59,57,55,54,82,72,53,30,29.95,29.92,10,10,10,14,3,,0,3,,275,94063
8/13/2014,78,68,59,59,56,54,82,74,47,30.02,29.97,29.94,10,10,10,15,6,21,0,3,,295,94063
8/14/2014,80,70,60,61,57,54,88,77,39,29.98,29.94,29.88,10,10,10,16,4,20,0,3,,319,94063
8/15/2014,78,69,60,61,57,55,88,77,47,30.02,29.97,29.93,10,10,10,15,4,,0,3,,326,94063
8/16/2014,77,68,60,61,57,55,88,78,47,30.06,30.01,29.96,10,10,10,13,4,,0,4,,338,94063
8/17/2014,80,70,59,59,55,50,94,79,34,30.05,29.99,29.91,10,10,10,13,4,,0,3,,322,94063
8/18/2014,71,65,59,59,56,55,88,79,60,29.93,29.89,29.82,10,10,10,17,5,23,0,5,,287,94063
8/19/2014,75,67,59,59,56,55,88,77,53,29.89,29.85,29.8,10,10,10,17,8,21,0,5,,271,94063
8/20/2014,75,68,62,59,56,55,82,73,53,29.94,29.89,29.86,10,10,10,16,3,21,0,4,,252,94063
8/21/2014,77,68,60,59,56,55,83,74,50,29.96,29.93,29.9,10,10,10,12,3,,0,3,,300,94063
8/22/2014,77,68,60,59,57,54,88,75,47,29.95,29.93,29.9,10,10,10,17,3,25,0,3,,283,94063
8/23/2014,73,66,60,57,55,54,82,73,53,29.97,29.91,29.86,10,10,10,13,4,17,0,3,,271,94063
8/24/2014,75,68,60,59,55,54,82,72,50,29.92,29.87,29.81,10,10,10,14,3,16,0,4,,261,94063
8/25/2014,75,68,60,55,54,52,82,71,47,29.96,29.89,29.86,10,10,10,15,3,20,0,3,,252,94063
8/26/2014,75,67,59,57,54,52,82,70,50,30.03,29.98,29.94,10,10,8,14,3,18,0,2,,294,94063
8/27/2014,82,71,60,63,56,50,82,71,41,30.07,30.04,29.99,10,10,10,14,3,,0,0,,313,94063
8/28/2014,77,68,59,61,56,55,88,77,54,30.09,30.03,29.94,10,10,10,12,4,,0,2,,326,94063
8/29/2014,77,68,60,61,57,55,88,77,47,29.98,29.94,29.9,10,10,10,18,4,23,0,5,,326,94063
8/30/2014,82,72,62,63,57,52,83,71,37,29.93,29.9,29.87,10,10,10,15,4,16,0,1,,261,94063
8/31/2014,82,70,59,59,56,50,88,68,34,29.95,29.9,29.85,10,10,10,13,4,18,0,0,,278,94063
3/1/2014,68,62,55,54,52,50,82,70,56,29.78,29.64,29.51,20,13,10,21,12,25,0,6,Rain,148,94301
3/2/2014,64,60,55,55,52,50,88,74,59,30.26,30.06,29.91,10,9,7,12,9,,0,7,Rain,197,94301
3/3/2014,62,56,50,55,52,48,94,81,63,30.14,30.1,30.07,15,13,10,9,6,,0,7,Rain,139,94301
3/4/2014,66,60,55,57,56,54,94,83,68,30.11,30.08,30.05,20,15,10,12,6,,0,6,,340,94301
3/5/2014,71,63,55,,,,,,,30.1,30.05,30,15,13,10,13,8,,0,8,,124,94301
3/6/2014,66,60,55,55,53,50,94,75,60,30.19,30.16,30.11,10,9,7,14,7,,0,4,,338,94301
3/7/2014,69,56,44,52,47,43,93,64,43,30.18,30.14,30.1,20,13,10,14,6,,0,2,,333,94301
3/8/2014,75,60,46,54,50,45,93,64,34,30.19,30.16,30.12,15,12,10,12,6,,0,5,,341,94301
3/9/2014,75,65,55,55,53,50,82,65,47,30.17,30.12,30.07,15,12,10,13,5,,0,6,,14,94301
3/10/2014,69,63,57,54,50,48,82,62,46,30.24,30.19,30.15,20,17,10,17,11,,0,4,Rain,326,94301
3/11/2014,71,63,55,45,37,32,49,37,25,30.15,30.08,30.02,10,10,10,21,15,,0,0,,40,94301
3/12/2014,77,67,57,46,42,36,52,37,26,30.09,30.04,29.99,10,10,10,17,12,,0,0,,41,94301
3/13/2014,78,62,46,54,44,36,72,50,24,30.06,30.01,29.97,20,20,20,16,8,,0,0,,358,94301
3/14/2014,69,58,46,54,51,45,93,72,49,30.19,30.17,30.12,20,15,10,12,7,,0,2,,2,94301
3/15/2014,80,63,46,45,45,45,93,93,93,30.3,30.27,30.23,20,17,15,13,7,,0,0,,337,94301
3/16/2014,73,60,46,57,50,43,93,66,44,30.31,30.25,30.18,15,15,15,21,8,,0,1,,347,94301
3/17/2014,71,62,53,50,47,45,82,58,41,30.16,30.07,29.98,10,10,10,17,11,,0,3,,332,94301
3/18/2014,73,60,46,41,35,30,81,37,20,29.98,29.94,29.89,,,,15,6,,0,0,,2,94301
3/19/2014,75,58,41,45,41,37,87,47,29,30.09,30.04,30.01,10,10,10,13,5,,0,3,,336,94301
3/20/2014,71,60,50,54,50,43,77,64,46,30.05,29.99,29.94,10,10,10,17,8,,0,5,,350,94301
3/21/2014,78,60,42,52,49,39,88,68,24,30.01,29.97,29.94,15,10,10,16,7,23,0,1,,3,94301
3/22/2014,68,57,46,54,48,43,93,64,45,30.09,30.07,30.04,20,13,10,14,8,,0,0,,34,94301
3/23/2014,66,60,53,54,50,46,82,70,56,30.18,30.14,30.09,20,12,7,12,6,,0,3,,352,94301
3/24/2014,71,58,44,55,49,43,93,67,43,30.16,30.1,30.01,20,13,7,15,7,,0,0,,352,94301
3/25/2014,68,56,44,57,49,39,88,71,55,30.04,29.96,29.89,20,11,6,15,8,,0,6,Rain,275,94301
3/26/2014,62,58,53,54,49,46,94,74,59,29.94,29.87,29.83,15,12,6,17,8,,0,7,Rain,259,94301
3/27/2014,68,60,51,50,47,45,88,63,46,30.11,30.08,30.02,20,16,10,12,8,,0,7,,216,94301
3/28/2014,69,60,51,54,50,48,88,63,49,30.2,30.15,30.1,20,17,15,14,10,,0,6,,142,94301
3/29/2014,64,60,55,57,54,50,94,86,68,30.09,30.06,30.02,10,7,1,16,10,,0,8,Rain,242,94301
3/30/2014,64,56,48,50,46,43,93,64,45,30.13,30.11,30.08,20,19,15,16,8,,0,5,,299,94301
3/31/2014,57,52,46,48,46,43,87,79,63,29.98,29.9,29.86,20,12,3,18,12,25,0,7,Rain,161,94301
4/1/2014,59,52,46,48,44,43,93,76,55,29.98,29.89,29.84,20,12,6,17,10,,0,7,Rain,167,94301
4/2/2014,62,54,46,46,44,36,87,64,37,30.1,30.05,29.95,20,20,20,14,8,,0,3,,340,94301
4/3/2014,64,54,44,50,47,43,93,68,52,30.12,30.09,30.03,20,17,10,14,7,,0,6,,293,94301
4/4/2014,60,56,51,50,48,43,94,77,52,30.05,30.02,29.98,20,10,2,16,10,,0,6,Rain,291,94301
4/5/2014,68,58,48,52,48,45,93,65,49,30.29,30.16,30.12,15,13,10,18,9,,0,2,,335,94301
4/6/2014,78,61,44,57,51,43,93,63,36,30.24,30.18,30.1,15,12,10,14,6,,0,0,,345,94301
4/7/2014,82,66,51,57,53,48,88,56,35,30.15,30.1,30.05,20,20,20,12,6,,0,0,,342,94301
4/8/2014,82,68,53,61,58,52,94,66,48,30.11,30.06,30.01,15,12,10,18,8,21,0,4,,348,94301
4/9/2014,69,60,51,57,54,50,94,76,60,30.1,30.04,29.99,15,12,7,14,9,,0,3,,337,94301
4/10/2014,75,64,53,57,53,50,88,71,41,30.03,29.96,29.89,20,10,5,14,8,,0,4,,354,94301
4/11/2014,66,60,53,55,54,52,94,77,68,29.95,29.9,29.85,20,11,6,14,7,,0,7,,353,94301
4/12/2014,66,60,53,55,50,46,82,66,59,29.93,29.9,29.87,20,18,10,17,9,,0,2,,2,94301
4/13/2014,73,63,53,57,52,48,82,67,50,30.05,30,29.96,20,16,10,18,8,,0,2,,328,94301
4/14/2014,69,62,55,57,54,52,88,73,60,30.12,30.08,30.03,20,13,7,12,7,,0,4,,347,94301
4/15/2014,68,62,55,57,52,46,88,69,56,30.04,29.97,29.9,15,11,7,17,8,21,0,2,,349,94301
4/16/2014,77,62,48,57,53,46,93,62,44,29.93,29.87,29.81,15,15,15,18,8,,0,1,,345,94301
4/17/2014,71,61,51,55,51,45,88,62,49,29.88,29.86,29.82,20,14,8,23,8,,0,3,,339,94301
4/18/2014,69,62,55,55,51,37,77,63,42,29.93,29.91,29.88,15,15,15,18,9,,0,3,,347,94301
4/19/2014,71,58,46,54,50,45,93,67,46,30.11,30.09,30.03,15,12,10,16,8,22,0,2,,339,94301
4/20/2014,78,66,55,57,53,45,88,60,39,30.15,30.1,30.05,15,12,10,15,7,,0,0,,346,94301
4/21/2014,71,63,55,52,50,45,77,62,50,30.06,30.03,29.99,15,11,10,18,9,,0,7,,351,94301
4/22/2014,64,58,51,45,39,34,76,49,32,30.12,30.1,30.07,15,15,15,21,16,25,0,3,,310,94301
4/23/2014,68,58,48,48,43,41,76,53,37,30.15,30.12,30.09,20,15,10,17,9,23,0,2,,322,94301
4/24/2014,68,60,51,55,52,50,94,68,56,30.12,30.07,30.01,20,14,7,17,11,26,0,5,,331,94301
4/25/2014,59,55,51,54,49,45,94,80,67,29.9,29.85,29.81,20,12,7,12,9,,0,7,Rain,246,94301
4/26/2014,62,55,48,45,41,37,82,54,39,30.08,30,29.88,15,12,10,21,11,26,0,5,,294,94301
4/27/2014,68,62,55,52,47,45,68,59,49,30.14,30.09,30.06,20,18,10,18,11,23,0,4,,304,94301
4/28/2014,75,60,44,52,46,36,81,54,34,30.23,30.19,30.16,20,13,10,18,7,,0,0,,339,94301
4/29/2014,89,74,60,52,46,39,59,33,20,30.21,30.12,30.04,15,15,15,13,7,,0,0,,340,94301
4/30/2014,89,79,69,57,54,46,60,41,22,30.09,30.04,29.99,10,10,10,12,6,,0,2,,337,94301
5/1/2014,87,72,57,59,52,48,72,43,27,30.09,30.06,30.04,,,,18,6,,0,4,,352,94301
5/2/2014,78,66,53,57,53,46,77,59,42,30.09,30.05,30,,,,21,7,,0,4,,347,94301
5/3/2014,71,63,55,54,50,46,88,62,43,30.06,30.03,30,15,14,10,23,13,,0,5,,330,94301
5/4/2014,71,62,53,52,51,50,88,62,46,30.07,30.04,30.01,20,15,10,16,9,,0,6,,306,94301
5/5/2014,66,60,55,50,48,45,82,60,49,30.05,30.02,29.98,20,15,10,15,7,23,0,5,,307,94301
5/6/2014,73,64,55,48,45,41,67,51,31,29.95,29.92,29.9,20,16,10,17,9,26,0,2,,307,94301
5/7/2014,68,59,50,52,47,45,87,62,43,30.01,29.97,29.94,15,14,10,16,9,25,0,3,,291,94301
5/8/2014,68,62,55,57,52,45,77,65,59,30.09,30.07,30.04,20,16,10,12,8,,0,6,,157,94301
5/9/2014,69,64,57,55,48,41,88,56,37,30.17,30.15,30.13,20,15,10,18,12,25,0,3,,307,94301
5/10/2014,69,61,53,46,44,43,72,52,40,30.14,30.09,30.04,10,10,10,23,12,32,0,1,,319,94301
5/11/2014,78,64,51,46,38,32,76,32,21,30.1,30.06,30.02,,,,20,12,28,0,0,,310,94301
5/12/2014,89,68,46,59,47,36,93,43,16,30.1,30.08,30.03,20,18,15,14,5,,0,0,,343,94301
5/13/2014,95,75,55,55,47,41,67,35,17,30.12,30.09,30.06,,,,10,5,,0,0,,337,94301
5/14/2014,91,74,57,59,51,48,72,38,23,30.11,30.07,30,10,10,10,16,5,,0,0,,337,94301
5/15/2014,86,72,57,57,48,37,67,36,20,30.1,30.07,30.03,,,,15,4,,0,4,,339,94301
5/16/2014,77,65,53,59,53,46,82,59,34,30.09,30.05,30,,,,16,6,,0,4,,346,94301
5/17/2014,73,65,57,54,50,46,82,56,44,30.02,30,29.97,20,15,10,12,8,,0,5,,311,94301
5/18/2014,71,66,60,54,52,48,77,61,46,30.01,29.99,29.96,20,20,20,18,12,24,0,4,,295,94301
5/19/2014,69,64,59,50,49,46,72,58,46,29.98,29.97,29.95,20,14,10,15,10,21,0,6,,285,94301
5/20/2014,73,66,59,55,52,50,77,60,44,30,29.99,29.97,15,14,10,12,7,21,0,4,,322,94301
5/21/2014,75,65,55,61,54,50,82,64,50,29.98,29.94,29.9,15,14,10,17,9,21,0,1,,354,94301
5/22/2014,78,68,57,59,55,52,88,68,39,29.99,29.96,29.94,20,16,8,17,8,,0,3,,353,94301
5/23/2014,69,63,57,59,56,54,88,74,64,30.04,30,29.94,10,10,10,18,9,23,0,5,,9,94301
5/24/2014,71,64,57,59,56,48,82,71,60,30.01,29.97,29.92,15,14,10,18,9,23,0,1,,356,94301
5/25/2014,80,68,55,57,53,43,88,54,30,29.98,29.95,29.92,20,19,15,17,7,21,0,1,,337,94301
5/26/2014,84,70,55,59,53,37,88,57,33,30.03,30,29.98,20,18,15,16,8,,0,0,,323,94301
5/27/2014,73,64,55,54,48,39,77,51,33,30.06,30.02,29.99,20,16,15,20,7,22,0,0,,330,94301
5/28/2014,78,68,59,45,41,36,52,35,24,30.07,30.01,29.95,10,10,10,15,8,,0,0,,324,94301
5/29/2014,84,68,53,59,50,32,77,51,15,29.94,29.92,29.88,,,,20,5,,0,0,,347,94301
5/30/2014,68,59,50,55,51,46,87,66,52,29.96,29.95,29.93,10,9,7,21,9,,0,1,,335,94301
5/31/2014,73,63,53,55,53,50,88,65,53,29.97,29.94,29.9,15,11,10,15,7,,0,1,,358,94301
6/1/2014,75,67,59,57,56,54,88,65,53,29.91,29.86,29.79,20,13,7,17,8,,0,1,,360,94301
6/2/2014,71,63,55,55,51,48,77,63,53,29.9,29.88,29.87,15,11,10,16,7,,0,2,,272,94301
6/3/2014,71,63,55,57,53,50,88,66,53,29.95,29.91,29.86,15,14,10,16,8,,0,1,,4,94301
6/4/2014,75,66,57,57,56,54,88,69,53,29.91,29.87,29.82,20,12,7,15,7,,0,2,,336,94301
6/5/2014,73,65,57,59,57,55,94,71,57,29.89,29.84,29.79,20,11,7,15,5,,0,2,,347,94301
6/6/2014,73,66,59,,,,,,,29.84,29.82,29.79,20,13,5,18,9,,0,1,,6,94301
6/7/2014,75,67,59,28,28,28,31,31,31,29.85,29.82,29.78,15,10,7,14,7,,0,2,,345,94301
6/8/2014,86,72,59,66,61,55,88,60,43,29.82,29.77,29.7,20,12,7,16,8,,0,0,,359,94301
6/9/2014,80,71,62,63,61,57,82,66,51,29.76,29.71,29.68,20,15,10,20,8,,0,0,,340,94301
6/10/2014,73,66,60,63,60,57,94,76,65,29.78,29.77,29.75,15,12,10,17,9,22,0,2,,360,94301
6/11/2014,77,68,60,59,57,54,77,63,53,29.88,29.85,29.83,10,10,10,16,8,,0,0,,343,94301
6/12/2014,91,75,59,57,52,48,72,58,24,29.99,29.97,29.96,20,16,15,17,11,,0,1,,333,94301
6/13/2014,78,66,55,55,51,46,77,53,34,29.99,29.96,29.92,15,15,15,18,7,,0,0,,338,94301
6/14/2014,82,70,57,61,55,45,82,56,37,29.93,29.89,29.84,15,14,10,17,7,24,0,3,,345,94301
6/15/2014,75,66,57,55,51,48,72,58,44,29.84,29.83,29.81,15,12,7,17,8,,0,4,,332,94301
6/16/2014,69,62,55,50,48,45,82,57,43,29.93,29.93,29.91,15,13,10,14,7,,0,2,,290,94301
6/17/2014,80,66,53,54,48,41,77,47,24,29.97,29.94,29.9,15,12,10,14,8,,0,0,,341,94301
6/18/2014,89,72,55,61,51,37,78,47,18,29.95,29.93,29.91,15,13,10,14,7,,0,0,,332,94301
6/19/2014,73,65,57,59,56,52,82,65,53,29.99,29.97,29.96,20,16,15,18,8,23,0,1,,355,94301
6/20/2014,82,70,57,61,54,39,88,57,24,29.99,29.96,29.93,20,20,20,18,7,,0,4,,350,94301
6/21/2014,69,63,57,57,54,48,88,66,52,29.93,29.91,29.9,15,13,10,14,6,,0,5,,352,94301
6/22/2014,71,65,59,59,54,50,82,65,50,29.95,29.93,29.92,15,14,10,17,9,,0,0,,353,94301
6/23/2014,77,66,55,59,55,50,82,64,41,29.96,29.94,29.91,20,13,8,18,7,,0,1,,351,94301
6/24/2014,77,70,62,59,55,52,77,56,44,30.01,30,29.98,15,15,15,14,9,23,0,1,,310,94301
6/25/2014,73,66,59,59,58,55,88,71,61,30.01,29.99,29.97,15,14,10,14,7,,0,5,,311,94301
6/26/2014,75,68,62,61,57,54,82,65,47,30,29.98,29.95,20,12,10,17,9,,0,3,,335,94301
6/27/2014,77,70,64,64,61,55,83,70,61,30,29.96,29.92,15,13,10,23,10,23,0,2,,357,94301
6/28/2014,78,68,59,61,55,48,88,59,36,29.97,29.94,29.9,20,12,10,14,8,23,0,1,,344,94301
6/29/2014,82,71,60,63,60,57,88,64,42,29.94,29.89,29.82,20,13,10,14,7,,0,0,,353,94301
6/30/2014,86,74,62,64,61,55,78,62,40,29.84,29.79,29.6,15,14,10,14,7,,0,4,,342,94301
7/1/2014,77,70,62,61,60,59,88,72,54,29.84,29.82,29.79,10,8,7,17,8,22,0,2,,356,94301
7/2/2014,77,70,62,61,57,54,77,64,53,29.9,29.87,29.85,20,16,10,17,9,25,0,2,,6,94301
7/3/2014,75,66,57,61,58,54,88,69,57,29.94,29.92,29.88,10,10,10,17,8,,0,0,,3,94301
7/4/2014,73,66,59,61,58,55,88,74,53,29.99,29.96,29.93,10,8,6,17,7,23,0,1,,355,94301
7/5/2014,77,68,59,61,58,55,88,70,54,30.07,30.04,30,10,9,8,16,8,,0,1,,350,94301
7/6/2014,77,68,59,59,58,55,88,69,50,30.06,30.01,29.95,10,10,8,14,8,,0,2,,345,94301
7/7/2014,77,68,59,63,59,55,88,74,54,29.92,29.89,29.84,20,15,10,12,7,,0,6,,346,94301
7/8/2014,75,67,59,61,59,55,88,71,57,29.92,29.9,29.88,15,11,10,17,8,,0,2,,351,94301
7/9/2014,77,70,62,63,60,57,83,69,57,29.95,29.9,29.85,15,11,10,16,9,,0,1,,5,94301
7/10/2014,78,69,60,63,60,57,88,67,54,29.94,29.9,29.85,20,15,10,16,7,,0,1,,11,94301
7/11/2014,75,68,62,61,58,55,77,66,57,30.04,30.01,29.97,20,18,10,18,8,,0,3,,344,94301
7/12/2014,73,66,60,61,58,54,82,70,61,30.14,30.06,30.02,10,10,10,17,11,23,0,2,,342,94301
7/13/2014,75,67,59,61,59,55,88,75,61,30.04,29.98,29.89,20,14,10,15,10,,0,5,,346,94301
7/14/2014,80,74,66,66,63,61,83,70,54,29.92,29.89,29.87,10,10,10,15,7,,0,5,,355,94301
7/15/2014,78,70,62,68,64,61,94,78,61,30,29.97,29.95,15,11,10,17,12,,0,5,,356,94301
7/16/2014,80,73,66,64,63,57,88,70,54,30.03,29.98,29.94,15,11,10,16,9,23,0,4,,2,94301
7/17/2014,78,70,62,64,60,57,82,65,53,30.01,29.98,29.94,20,15,10,17,8,,0,2,,331,94301
7/18/2014,75,70,64,63,61,57,88,73,65,30.02,29.98,29.93,20,12,10,17,9,23,0,3,,10,94301
7/19/2014,77,70,64,64,62,59,83,72,61,29.96,29.94,29.91,20,15,10,21,9,23,0,4,,3,94301
7/20/2014,75,70,64,64,63,61,88,76,69,29.98,29.96,29.94,20,15,8,23,11,,0,6,,353,94301
7/21/2014,78,73,68,30,30,30,24,24,24,30.05,30.02,30,20,12,10,18,9,,0,4,,341,94301
7/22/2014,78,72,66,63,59,57,73,62,54,30.09,30.06,30.05,20,12,10,16,9,,0,4,,298,94301
7/23/2014,78,70,62,64,61,57,82,67,60,30.15,30.1,30.04,10,10,10,17,9,23,0,3,,360,94301
7/24/2014,102,84,66,64,62,57,83,59,27,30.02,29.92,29.83,20,17,10,17,7,,0,1,,355,94301
7/25/2014,93,76,59,66,62,54,82,56,34,29.88,29.84,29.81,10,10,10,18,9,,0,0,,353,94301
7/26/2014,82,73,64,64,63,55,83,65,51,29.94,29.91,29.88,15,14,10,20,9,,0,1,,349,94301
7/27/2014,82,74,66,64,62,59,88,68,51,29.99,29.95,29.91,20,12,10,13,9,,0,4,,347,94301
7/28/2014,78,71,64,63,61,59,88,71,57,30.05,30.03,30.01,20,13,7,15,8,,0,5,,352,94301
7/29/2014,80,73,66,64,62,61,83,70,54,30.06,30.01,29.97,15,10,7,14,8,,0,1,,349,94301
7/30/2014,78,70,62,63,61,59,88,70,54,30.01,29.97,29.94,15,10,8,14,10,,0,2,,351,94301
7/31/2014,77,70,62,63,61,59,94,74,61,29.99,29.94,29.89,20,12,7,15,8,,0,4,,346,94301
8/1/2014,77,68,59,32,28,25,30,28,27,29.92,29.9,29.87,20,12,7,14,6,,0,1,,350,94301
8/2/2014,73,68,62,30,30,30,30,30,30,29.96,29.94,29.9,20,11,6,18,8,23,0,3,,353,94301
8/3/2014,73,68,64,,,,,,,29.97,29.94,29.91,10,10,10,18,10,,0,6,,5,94301
8/4/2014,77,70,64,61,59,57,78,67,54,29.99,29.96,29.93,10,10,10,18,9,,0,6,,353,94301
8/5/2014,78,71,64,64,61,59,88,74,57,30.07,30.03,30,10,10,10,21,9,24,0,7,,345,94301
8/6/2014,82,75,66,68,65,63,88,75,58,30.02,29.98,29.94,20,14,10,21,10,,0,3,,360,94301
8/7/2014,73,68,62,63,61,57,94,75,65,29.97,29.94,29.9,15,11,7,18,10,,0,2,,353,94301
8/8/2014,75,67,59,64,60,55,88,73,61,29.94,29.91,29.86,10,9,6,17,7,,0,3,,15,94301
8/9/2014,73,68,60,61,58,54,77,70,57,29.98,29.95,29.92,20,15,10,20,11,,0,0,,359,94301
8/10/2014,75,68,60,61,58,55,88,70,61,30.01,29.97,29.92,19,11,10,18,9,22,0,4,,9,94301
8/11/2014,77,70,64,64,61,59,83,73,61,29.96,29.93,29.89,20,12,10,18,9,,0,2,,10,94301
8/12/2014,77,68,59,63,59,54,83,68,57,29.99,29.95,29.91,20,12,10,18,10,,0,4,,349,94301
8/13/2014,78,69,60,64,60,55,82,68,54,30.01,29.96,29.92,10,10,10,17,10,24,0,2,,358,94301
8/14/2014,77,70,64,63,61,59,88,75,57,29.97,29.93,29.89,20,12,10,18,9,,0,3,,356,94301
8/15/2014,78,70,62,,,,,,,30.01,29.97,29.93,20,11,7,17,9,,0,2,,353,94301
8/16/2014,78,71,64,61,60,59,83,70,54,30.05,30.01,29.95,20,11,7,17,9,,0,2,,348,94301
8/17/2014,73,68,62,63,59,57,88,77,65,30.04,29.99,29.92,10,10,10,21,9,,0,3,,1,94301
8/18/2014,71,68,62,63,60,57,83,74,68,29.9,29.86,29.81,15,14,10,22,11,,0,3,,357,94301
8/19/2014,75,68,62,63,59,55,77,70,61,29.88,29.84,29.79,10,10,10,17,9,,0,3,,34,94301
8/20/2014,78,71,64,63,58,55,73,61,50,29.93,29.9,29.86,15,11,10,13,7,,0,1,,357,94301
8/21/2014,78,69,60,63,60,55,83,69,54,29.96,29.93,29.89,20,15,10,18,10,,0,0,,358,94301
8/22/2014,80,71,60,64,60,57,88,68,51,29.94,29.91,29.87,20,11,7,21,8,,0,2,,360,94301
8/23/2014,77,70,62,61,58,55,83,67,54,29.96,29.9,29.84,20,11,8,16,9,,0,1,,360,94301
8/24/2014,75,68,62,64,60,57,88,73,61,29.97,29.87,29.81,20,14,10,20,9,,0,2,,19,94301
8/25/2014,75,68,62,61,58,55,82,66,57,29.91,29.88,29.85,20,13,10,21,9,,0,4,,331,94301
8/26/2014,77,68,59,61,59,55,88,70,57,30.02,29.98,29.93,10,10,10,17,8,,0,2,,360,94301
8/27/2014,78,72,66,66,63,61,88,71,54,30.07,30.02,29.98,20,15,10,21,11,,0,0,,357,94301
8/28/2014,78,70,62,64,61,59,88,76,57,30.08,30.01,29.93,20,12,7,21,8,22,0,2,,354,94301
8/29/2014,77,70,64,64,62,61,88,78,61,29.96,29.92,29.9,20,13,7,20,9,,0,7,,11,94301
8/30/2014,80,70,59,64,62,57,94,70,51,29.92,29.9,29.87,10,10,10,23,6,23,0,2,,2,94301
8/31/2014,78,68,57,63,61,55,100,70,50,29.98,29.9,29.83,20,16,10,17,7,23,0,0,,350,94301
3/1/2014,67,60,53,51,49,46,89,69,48,29.83,29.64,29.48,10,10,10,25,10,33,0.21,6,Rain,136,94041
3/2/2014,63,58,52,54,50,46,86,71,56,30.19,30.03,29.84,10,9,2,17,6,23,0.03,5,Rain,179,94041
3/3/2014,63,56,49,52,49,47,89,75,60,30.18,30.13,30.05,10,10,9,20,5,29,0.14,6,Rain,136,94041
3/4/2014,67,61,54,55,53,50,86,75,63,30.13,30.09,30.06,10,10,10,16,4,22,0,3,,35,94041
3/5/2014,71,63,54,56,54,47,93,69,45,30.12,30.08,30.01,10,10,10,14,5,20,T,5,Rain,125,94041
3/6/2014,66,60,53,57,52,48,93,75,56,30.22,30.16,30.08,10,10,9,15,5,18,0.01,3,Rain,320,94041
3/7/2014,69,59,49,51,46,43,86,64,42,30.2,30.17,30.11,10,10,10,16,5,18,0,0,,317,94041
3/8/2014,73,60,47,53,47,42,89,61,33,30.22,30.17,30.13,10,10,10,10,2,13,0,0,,330,94041
3/9/2014,76,67,57,53,50,42,72,55,38,30.19,30.14,30.09,10,10,10,12,3,14,0,0,,315,94041
3/10/2014,69,61,53,54,48,44,86,63,40,30.26,30.18,30.12,10,10,4,15,7,21,0.01,2,Rain,308,94041
3/11/2014,71,62,52,44,33,23,66,44,21,30.21,30.11,30.04,10,10,10,22,10,29,0,0,,16,94041
3/12/2014,77,67,56,36,29,20,40,28,16,30.11,30.05,30,10,10,10,20,9,29,0,0,,22,94041
3/13/2014,78,63,48,49,38,22,80,46,12,30.09,30.04,29.99,10,10,10,17,3,,0,0,,344,94041
3/14/2014,70,59,48,53,47,41,83,62,40,30.24,30.17,30.09,10,10,10,14,4,17,0,0,,350,94041
3/15/2014,79,64,49,53,48,41,86,57,28,30.32,30.28,30.24,10,10,10,15,4,17,0,0,,328,94041
3/16/2014,76,63,50,53,48,41,83,56,29,30.33,30.28,30.2,10,10,10,21,5,29,0,0,,349,94041
3/17/2014,69,61,52,48,45,41,77,57,37,30.28,30.12,29.99,10,10,10,15,6,20,0,3,,309,94041
3/18/2014,72,60,47,44,34,25,77,48,19,30,29.96,29.91,10,10,10,14,4,17,0,0,,330,94041
3/19/2014,75,61,46,46,37,32,62,43,23,30.1,30.05,29.99,10,10,10,13,3,16,0,0,,348,94041
3/20/2014,73,62,51,51,43,38,69,50,31,30.08,30.02,29.96,10,10,10,17,6,18,0,0,,352,94041
3/21/2014,68,58,48,50,46,41,83,66,48,30.03,29.99,29.95,10,10,9,17,5,21,0,0,,10,94041
3/22/2014,69,58,47,50,46,42,86,64,42,30.14,30.07,30.01,10,10,10,14,5,17,0,1,,34,94041
3/23/2014,68,60,51,50,47,46,83,66,48,30.2,30.15,30.1,10,10,7,14,5,18,0,3,,21,94041
3/24/2014,74,61,47,51,44,34,82,54,25,30.17,30.1,30.04,10,10,10,17,5,21,0,0,,341,94041
3/25/2014,67,57,47,54,44,34,72,62,51,30.07,29.97,29.9,10,10,7,17,5,22,0.01,3,Rain,262,94041
3/26/2014,63,58,53,52,48,43,89,71,52,30,29.89,29.85,10,9,4,15,6,20,0.24,6,Rain,222,94041
3/27/2014,67,59,50,48,45,42,83,63,42,30.16,30.08,30.01,10,10,10,17,5,20,T,5,,162,94041
3/28/2014,71,61,51,51,47,45,83,64,44,30.22,30.16,30.11,10,10,10,14,5,17,0,4,,143,94041
3/29/2014,64,58,51,56,51,47,93,78,63,30.17,30.08,30.04,10,9,1,12,5,17,0.28,6,Rain,155,94041
3/30/2014,63,56,49,48,44,39,89,66,43,30.15,30.12,30.08,10,10,10,16,6,22,0.03,2,,291,94041
3/31/2014,57,51,45,45,43,41,92,75,57,30.1,29.95,29.88,10,8,2,18,7,25,0.52,4,Rain,150,94041
4/1/2014,60,53,45,45,43,41,92,74,55,29.97,29.92,29.87,10,10,4,20,8,24,0.36,5,Rain,148,94041
4/2/2014,61,53,45,44,42,39,93,70,46,30.13,30.04,29.91,10,10,10,14,6,18,0.01,3,Rain,8,94041
4/3/2014,64,54,44,49,43,40,89,65,40,30.14,30.1,30.04,10,10,10,17,4,21,0,1,,319,94041
4/4/2014,61,56,50,48,45,40,83,65,46,30.08,30.04,29.99,10,8,2,16,7,22,0.21,7,Rain,268,94041
4/5/2014,66,58,50,48,45,43,83,66,48,30.22,30.14,30.07,10,10,10,21,6,24,0,2,,314,94041
4/6/2014,77,62,47,54,48,43,80,61,41,30.25,30.19,30.12,10,10,10,14,4,16,0,0,,344,94041
4/7/2014,81,67,53,56,51,47,83,60,36,30.17,30.12,30.07,10,10,10,12,3,15,0,0,,340,94041
4/8/2014,82,70,58,59,55,51,80,61,42,30.12,30.08,30.02,10,10,10,15,4,18,0,0,,334,94041
4/9/2014,70,63,55,55,53,50,86,72,57,30.11,30.06,30,10,10,10,14,5,17,0,2,,323,94041
4/10/2014,76,65,54,55,50,41,89,59,29,30.05,30,29.91,10,9,7,14,4,17,0,3,,321,94041
4/11/2014,66,61,55,54,52,50,86,77,67,29.96,29.92,29.87,10,10,9,15,6,17,0,4,,343,94041
4/12/2014,68,61,54,52,48,46,77,65,52,29.98,29.92,29.88,10,10,10,18,6,23,0,4,,18,94041
4/13/2014,72,64,55,55,49,45,80,65,49,30.07,30.02,29.97,10,10,10,21,5,24,0,3,,317,94041
4/14/2014,72,63,54,55,52,48,86,68,49,30.14,30.09,30.04,10,10,9,15,5,21,0,3,,345,94041
4/15/2014,68,61,54,53,50,47,86,71,56,30.09,30.01,29.92,10,10,9,20,6,22,0,3,,359,94041
4/16/2014,77,64,51,54,50,46,83,62,41,29.95,29.9,29.83,10,10,9,20,7,24,0,0,,352,94041
4/17/2014,70,62,53,53,49,43,83,64,44,29.9,29.87,29.82,10,10,9,24,7,28,0,0,,337,94041
4/18/2014,69,61,52,53,47,36,77,58,39,29.98,29.93,29.89,10,10,9,21,7,24,0,0,,354,94041
4/19/2014,69,60,50,51,47,43,86,67,48,30.15,30.09,29.98,10,10,10,23,6,25,0,0,,355,94041
4/20/2014,80,66,51,54,49,36,83,52,20,30.17,30.12,30.07,10,10,10,18,5,23,0,0,,353,94041
4/21/2014,71,61,51,51,46,35,77,52,27,30.11,30.05,30,10,10,10,21,6,25,0,1,,338,94041
4/22/2014,65,58,51,50,40,31,72,50,28,30.16,30.09,29.99,10,10,9,21,10,26,T,3,Rain,298,94041
4/23/2014,68,59,50,48,41,37,72,56,39,30.17,30.14,30.11,10,10,10,22,8,25,0,0,,314,94041
4/24/2014,68,60,52,52,49,46,83,68,52,30.14,30.08,30.01,10,10,10,23,6,28,T,1,Rain,324,94041
4/25/2014,60,56,51,53,48,41,86,74,61,29.99,29.9,29.83,10,9,5,16,7,23,0.28,8,Rain,252,94041
4/26/2014,62,55,48,44,40,34,82,61,36,30.13,30,29.88,10,10,10,15,8,30,0,2,,282,94041
4/27/2014,66,59,51,49,44,40,71,60,48,30.17,30.11,30.07,10,10,10,21,9,25,T,4,,88,94041
4/28/2014,72,60,48,50,42,32,80,54,28,30.25,30.2,30.17,10,10,10,16,5,22,0,0,,328,94041
4/29/2014,86,69,52,55,44,37,66,44,21,30.22,30.15,30.06,10,10,10,13,3,16,0,0,,334,94041
4/30/2014,91,75,59,54,49,46,65,44,23,30.1,30.05,30,10,10,10,15,4,17,0,0,,342,94041
5/1/2014,89,75,60,53,47,43,63,42,21,30.11,30.07,30.04,10,10,10,16,4,23,0,0,,336,94041
5/2/2014,78,67,56,54,49,43,72,50,28,30.11,30.08,30.02,10,10,10,17,5,24,0,0,,336,94041
5/3/2014,70,63,56,54,50,45,86,65,44,30.08,30.05,30.01,10,10,10,25,8,30,0,3,,338,94041
5/4/2014,72,63,53,51,48,47,77,62,47,30.08,30.06,30.02,10,10,10,23,7,28,0,1,,313,94041
5/5/2014,68,61,54,48,45,42,72,57,42,30.08,30.04,29.99,10,10,10,20,8,26,0,2,,299,94041
5/6/2014,73,63,53,45,43,38,71,50,29,29.97,29.94,29.9,10,10,10,22,7,25,0,0,,299,94041
5/7/2014,69,60,51,48,44,42,77,58,39,30.04,29.98,29.93,10,10,10,21,6,26,0,1,,247,94041
5/8/2014,71,62,53,55,49,43,78,63,48,30.12,30.08,30.05,10,10,10,14,5,17,0,6,,271,94041
5/9/2014,70,63,55,55,49,41,86,61,36,30.19,30.15,30.1,10,10,10,18,9,30,T,5,,309,94041
5/10/2014,70,62,53,44,42,39,66,51,35,30.16,30.11,30.05,10,10,10,20,8,28,0,0,,300,94041
5/11/2014,79,65,51,50,38,26,72,46,19,30.12,30.08,30.03,10,10,10,18,7,24,0,0,,317,94041
5/12/2014,87,69,51,51,43,33,72,44,15,30.12,30.08,30.04,10,10,10,16,5,20,0,0,,344,94041
5/13/2014,92,75,58,57,41,28,54,33,11,30.15,30.1,30.07,10,10,10,15,4,20,0,0,,336,94041
5/14/2014,91,76,61,54,44,34,53,34,15,30.15,30.1,30.04,10,10,10,16,4,30,0,0,,343,94041
5/15/2014,87,74,61,53,45,38,60,40,19,30.11,30.09,30.05,10,10,10,21,6,24,0,0,,349,94041
5/16/2014,76,67,57,54,51,46,80,62,44,30.1,30.07,30.01,10,10,10,21,9,25,0,0,,352,94041
5/17/2014,74,65,55,53,49,42,86,65,44,30.04,30.01,29.99,10,10,10,22,8,25,0,0,,353,94041
5/18/2014,73,65,56,52,47,42,72,55,38,30.02,30,29.98,10,10,10,18,7,25,0,2,,301,94041
5/19/2014,70,63,55,50,46,45,77,59,40,30,29.98,29.96,10,10,10,17,7,24,T,3,,281,94041
5/20/2014,72,63,54,53,48,46,77,59,41,30.02,30,29.97,10,10,9,21,6,24,T,2,Rain,312,94041
5/21/2014,75,65,55,56,51,48,86,65,43,30,29.97,29.91,10,10,10,23,7,26,0,1,,19,94041
5/22/2014,73,65,57,56,52,50,80,65,49,30.05,29.98,29.95,10,10,10,18,7,23,0,3,,16,94041
5/23/2014,72,65,57,57,54,52,86,72,57,30.06,30.02,29.96,10,10,10,21,7,24,0,3,,354,94041
5/24/2014,71,65,58,56,53,51,86,73,59,30.02,29.99,29.96,10,10,10,21,8,24,0,0,,6,94041
5/25/2014,81,69,56,55,52,46,80,57,33,30,29.97,29.93,10,10,10,22,6,24,0,0,,354,94041
5/26/2014,82,69,55,58,49,29,83,53,22,30.05,30.01,29.99,10,10,10,23,6,26,0,0,,350,94041
5/27/2014,74,65,55,51,46,34,83,55,27,30.08,30.04,30,10,10,10,22,7,28,0,0,,353,94041
5/28/2014,78,66,53,48,41,36,67,46,24,30.09,30.03,29.96,10,10,10,20,7,22,0,0,,325,94041
5/29/2014,83,69,54,53,46,30,80,50,19,29.97,29.94,29.9,10,10,10,22,7,24,0,0,,352,94041
5/30/2014,70,62,53,52,49,47,89,69,48,30,29.96,29.92,10,10,8,22,8,26,0,2,,357,94041
5/31/2014,73,63,53,55,49,46,80,63,46,30,29.97,29.92,10,10,10,15,5,17,0,2,,302,94041
6/1/2014,76,66,56,55,53,50,80,63,46,29.94,29.89,29.81,10,10,8,15,5,20,0,2,,334,94041
6/2/2014,73,64,54,52,50,47,86,65,44,29.93,29.89,29.85,10,10,10,17,7,22,0,3,,31,94041
6/3/2014,72,64,56,54,51,48,86,68,49,29.96,29.92,29.88,10,10,10,16,7,20,0,3,,34,94041
6/4/2014,76,66,56,57,54,51,86,68,49,29.92,29.89,29.84,10,10,9,15,5,18,0,2,,337,94041
6/5/2014,75,66,57,57,55,53,86,72,57,29.88,29.85,29.81,10,9,7,17,6,21,0,2,,336,94041
6/6/2014,74,66,57,56,54,51,86,70,53,29.86,29.84,29.81,10,10,8,16,7,21,0,2,,349,94041
6/7/2014,75,65,54,57,54,50,86,70,53,29.87,29.84,29.79,10,10,9,15,5,21,0,3,,18,94041
6/8/2014,88,74,59,61,57,54,84,60,36,29.84,29.79,29.72,10,9,8,17,5,22,0,0,,339,94041
6/9/2014,82,73,63,60,58,56,78,61,43,29.77,29.74,29.7,10,10,10,20,6,22,0,0,,325,94041
6/10/2014,74,68,61,59,57,55,84,71,57,29.84,29.78,29.73,10,10,10,17,7,22,0,2,,357,94041
6/11/2014,76,67,58,57,54,51,80,63,46,29.92,29.87,29.83,10,10,10,20,10,23,0,0,,51,94041
6/12/2014,72,65,58,54,49,43,72,58,44,30.01,29.97,29.92,10,10,10,22,8,25,0,3,,338,94041
6/13/2014,77,66,54,55,48,41,71,50,29,30.01,29.97,29.94,10,10,10,21,6,25,0,0,,348,94041
6/14/2014,86,71,56,59,52,45,80,53,26,29.96,29.91,29.86,10,10,10,25,7,28,0,0,,358,94041
6/15/2014,73,65,56,52,48,45,77,59,41,29.89,29.85,29.83,10,10,10,23,7,26,0,0,,297,94041
6/16/2014,69,63,56,50,45,42,77,59,40,29.95,29.93,29.88,10,10,10,21,7,26,0,0,,254,94041
6/17/2014,78,65,52,53,47,43,77,54,30,29.97,29.94,29.91,10,10,10,21,8,24,0,0,,12,94041
6/18/2014,88,71,54,55,49,42,78,51,24,29.97,29.94,29.92,10,10,10,22,7,24,0,0,,355,94041
6/19/2014,75,66,56,55,53,51,86,70,53,30.02,29.99,29.96,10,10,10,24,9,28,0,0,,356,94041
6/20/2014,84,71,57,57,51,39,80,52,23,30.01,29.98,29.95,10,10,10,21,6,25,0,0,,349,94041
6/21/2014,71,64,56,54,52,50,80,67,53,29.97,29.94,29.92,10,10,9,18,7,21,0,0,,1,94041
6/22/2014,71,63,54,55,51,48,83,68,53,29.98,29.95,29.92,10,10,10,21,7,24,0,0,,359,94041
6/23/2014,74,65,56,57,52,50,86,68,49,29.99,29.96,29.93,10,10,10,20,7,23,0,2,,45,94041
6/24/2014,79,68,57,55,52,48,84,61,38,30.03,30,29.98,10,10,10,22,8,26,0,0,,347,94041
6/25/2014,76,67,58,58,56,54,87,71,54,30.02,30,29.99,10,10,10,22,8,28,0,0,,358,94041
6/26/2014,75,68,61,58,55,51,90,68,46,30.02,29.99,29.96,10,10,9,22,9,25,0.01,3,Rain,330,94041
6/27/2014,77,69,60,62,57,53,78,68,57,30.02,29.99,29.94,10,10,10,22,9,25,0,3,,343,94041
6/28/2014,78,69,59,57,53,43,78,56,33,29.99,29.96,29.92,10,10,10,23,8,26,0,0,,349,94041
6/29/2014,83,71,58,58,55,48,84,59,33,29.96,29.91,29.85,10,10,10,18,6,22,0,0,,348,94041
6/30/2014,86,74,62,61,57,54,84,61,37,29.86,29.83,29.8,10,10,10,17,5,21,0,0,,339,94041
7/1/2014,76,69,61,59,57,55,84,69,54,29.87,29.83,29.81,10,10,9,20,9,24,0,2,,356,94041
7/2/2014,77,69,60,58,55,53,84,67,50,29.93,29.89,29.86,10,10,4,24,9,29,0,3,,34,94041
7/3/2014,75,66,57,58,55,53,86,70,53,29.96,29.93,29.91,10,10,10,18,7,22,0,0,,11,94041
7/4/2014,74,66,57,58,55,54,87,72,57,30.03,29.97,29.92,10,10,8,18,7,22,0,1,,342,94041
7/5/2014,78,67,56,59,55,53,86,66,46,30.09,30.05,30.02,10,10,8,14,6,17,0,2,,343,94041
7/6/2014,77,66,55,58,55,52,87,67,46,30.07,30.02,29.96,10,10,10,14,6,18,0,1,,338,94041
7/7/2014,80,69,58,60,57,55,87,68,48,29.95,29.91,29.85,10,10,10,17,5,21,0,2,,341,94041
7/8/2014,76,68,60,58,57,55,90,72,54,29.94,29.9,29.87,10,10,10,18,8,22,0,2,,350,94041
7/9/2014,77,68,59,59,56,54,90,72,54,29.96,29.92,29.86,10,10,9,17,8,23,0,3,,8,94041
7/10/2014,77,68,59,58,56,53,84,67,50,29.96,29.91,29.87,10,10,6,18,9,22,0,0,,45,94041
7/11/2014,75,67,59,56,55,53,78,66,53,30.1,30.02,29.96,10,9,2,22,9,25,0,2,,359,94041
7/12/2014,71,66,60,57,55,53,84,72,59,30.11,30.08,30.04,10,10,10,20,8,23,0,4,,340,94041
7/13/2014,73,66,58,60,56,53,84,71,57,30.06,30,29.91,10,10,10,13,6,18,0,3,,340,94041
7/14/2014,81,72,62,61,59,57,90,71,51,29.94,29.9,29.87,10,10,10,14,5,18,0,0,,330,94041
7/15/2014,80,71,61,64,60,57,87,71,54,30.01,29.97,29.93,10,10,10,20,8,23,0,2,,334,94041
7/16/2014,80,72,64,61,59,56,87,68,48,30.05,30,29.96,10,10,10,25,9,29,0,3,,4,94041
7/17/2014,79,71,62,59,57,56,84,66,48,30.03,29.99,29.94,10,10,10,25,9,28,0,0,,16,94041
7/18/2014,74,68,62,59,57,55,78,68,57,30.03,29.99,29.95,10,10,10,21,9,24,0,2,,16,94041
7/19/2014,76,70,63,60,59,57,87,73,58,29.98,29.96,29.93,10,10,10,21,8,25,0,3,,351,94041
7/20/2014,78,71,64,61,60,59,87,72,56,30.01,29.97,29.94,10,10,10,22,10,26,0,4,,351,94041
7/21/2014,78,71,64,60,58,54,81,66,50,30.06,30.03,29.99,10,10,10,22,9,26,0,3,,360,94041
7/22/2014,79,72,64,59,57,55,78,64,50,30.13,30.08,30.05,10,10,10,20,7,24,T,4,Rain,331,94041
7/23/2014,77,70,62,62,57,54,78,66,54,30.16,30.11,30.06,10,10,10,22,7,29,0,1,,340,94041
7/24/2014,85,73,61,61,58,55,90,65,40,30.07,29.96,29.85,10,10,10,21,7,23,0,1,,358,94041
7/25/2014,95,79,62,61,57,43,78,48,18,29.9,29.87,29.83,10,10,10,20,5,23,0,0,,340,94041
7/26/2014,84,74,63,62,60,57,81,64,46,29.97,29.93,29.89,10,10,8,17,6,21,0,0,,339,94041
7/27/2014,85,74,63,62,60,57,87,65,43,30.02,29.97,29.93,10,10,10,15,7,20,T,1,,328,94041
7/28/2014,79,70,61,61,59,57,84,70,56,30.07,30.04,30.01,10,10,10,16,5,21,0,1,,339,94041
7/29/2014,80,72,63,61,59,58,90,69,48,30.08,30.04,29.99,10,10,10,15,7,18,0,2,,338,94041
7/30/2014,80,72,63,62,60,59,90,72,54,30.03,29.99,29.95,10,10,8,17,6,21,0,3,,328,94041
7/31/2014,78,70,62,61,59,57,90,73,56,30.01,29.96,29.9,10,10,9,14,5,18,0,3,,340,94041
8/1/2014,78,70,62,62,60,58,87,72,56,29.94,29.92,29.88,10,10,9,15,6,21,0,0,,333,94041
8/2/2014,72,67,62,59,58,57,90,78,66,29.98,29.94,29.91,10,10,9,14,7,,0,5,,339,94041
8/3/2014,72,67,62,58,57,55,84,73,61,29.99,29.96,29.93,10,10,10,20,8,23,0,5,,8,94041
8/4/2014,75,69,62,59,57,55,84,71,57,30.02,29.98,29.95,10,10,10,17,7,22,0,3,,357,94041
8/5/2014,79,71,63,60,58,57,84,69,54,30.09,30.04,30.01,10,10,10,18,6,24,0,4,,346,94041
8/6/2014,83,73,63,64,62,59,87,67,47,30.04,30.01,29.96,10,10,8,20,6,23,T,2,Rain,342,94041
8/7/2014,74,68,62,60,58,56,90,74,57,29.99,29.97,29.92,10,10,10,20,7,23,0,3,,357,94041
8/8/2014,77,69,60,59,56,55,84,67,50,29.96,29.93,29.89,10,10,9,17,6,20,0,1,,8,94041
8/9/2014,72,66,59,58,55,53,84,73,61,30.01,29.97,29.92,10,10,10,21,7,24,0,1,,15,94041
8/10/2014,77,69,60,58,55,52,84,69,53,30.03,29.98,29.94,10,10,10,17,6,21,0,3,,345,94041
8/11/2014,76,69,62,59,57,55,84,69,54,29.98,29.95,29.9,10,10,10,18,7,21,0,3,,357,94041
8/12/2014,77,68,59,59,56,54,84,67,50,30,29.96,29.93,10,10,10,22,7,25,0,1,,356,94041
8/13/2014,77,69,61,61,57,55,84,69,53,30.02,29.98,29.93,10,10,10,24,7,28,0,3,,350,94041
8/14/2014,76,69,61,60,58,57,90,74,58,29.99,29.95,29.9,10,10,10,18,6,23,0,2,,346,94041
8/15/2014,77,69,60,61,59,57,90,72,54,30.02,29.99,29.95,10,10,10,17,6,18,0,2,,341,94041
8/16/2014,78,69,60,60,58,57,90,72,54,30.06,30.02,29.98,10,10,9,15,6,20,0,4,,343,94041
8/17/2014,74,67,60,60,57,55,90,76,61,30.06,30,29.94,10,10,10,16,7,21,0,4,,350,94041
8/18/2014,72,67,62,59,57,55,84,73,61,29.94,29.89,29.83,10,10,8,22,7,25,0,4,,357,94041
8/19/2014,79,71,63,59,57,54,84,67,50,29.9,29.86,29.81,10,10,10,20,7,23,0,4,,39,94041
8/20/2014,79,70,60,58,56,54,84,65,45,29.94,29.9,29.87,10,10,10,17,6,21,0,2,,13,94041
8/21/2014,78,69,60,61,57,54,90,72,53,29.97,29.94,29.91,10,10,10,18,7,41,0,0,,354,94041
8/22/2014,80,71,61,61,58,56,90,69,48,29.95,29.93,29.89,10,10,9,24,8,28,0,2,,347,94041
8/23/2014,77,69,60,59,56,53,84,65,46,29.98,29.92,29.86,10,10,10,17,7,21,0,3,,358,94041
8/24/2014,76,69,61,59,56,53,84,69,53,29.93,29.88,29.83,10,10,10,20,8,24,0,3,,28,94041
8/25/2014,76,68,59,57,54,53,78,64,49,29.97,29.9,29.86,10,10,10,23,6,28,0,2,,349,94041
8/26/2014,75,67,58,58,55,52,84,67,50,30.03,29.99,29.95,10,10,10,17,6,22,0,1,,9,94041
8/27/2014,80,70,60,61,58,56,84,65,45,30.08,30.04,30,10,10,10,21,6,23,0,0,,344,94041
8/28/2014,79,70,61,61,58,56,90,68,45,30.09,30.03,29.96,10,10,10,17,5,21,0,2,,350,94041
8/29/2014,80,71,62,60,58,57,90,73,56,29.99,29.95,29.91,10,10,10,20,5,24,0,3,,350,94041
8/30/2014,81,71,61,60,58,55,90,66,42,29.94,29.91,29.88,10,10,10,23,7,26,0,0,,344,94041
8/31/2014,79,69,59,60,58,56,90,69,48,29.96,29.91,29.85,10,10,10,21,6,23,0,0,,356,94041
3/1/2014,66,59,52,51,48,44,89,73,56,29.82,29.62,29.47,10,10,7,29,14,38,0.21,5,Rain,115,95113
3/2/2014,63,57,50,55,50,46,86,71,56,30.18,30.01,29.83,10,10,7,20,9,24,0.02,5,Rain,145,95113
3/3/2014,63,56,48,54,49,46,100,82,64,30.16,30.11,30.02,10,10,7,22,8,28,0.17,6,Rain,126,95113
3/4/2014,68,61,53,55,54,52,93,78,63,30.12,30.08,30.04,10,10,10,22,6,28,0,7,,136,95113
3/5/2014,74,63,52,55,52,45,100,72,44,30.11,30.07,30.01,10,9,5,16,8,21,T,7,,140,95113
3/6/2014,67,60,52,57,52,42,93,69,44,30.2,30.13,30.07,10,10,8,15,7,20,0.02,6,Rain,297,95113
3/7/2014,68,58,48,52,46,42,93,68,42,30.18,30.15,30.09,10,10,10,15,6,23,0,3,,290,95113
3/8/2014,74,60,45,52,46,39,93,63,33,30.21,30.16,30.11,10,10,10,12,3,14,0,4,,318,95113
3/9/2014,81,69,57,51,46,26,77,46,15,30.18,30.12,30.06,10,10,10,15,4,20,0,5,,157,95113
3/10/2014,69,62,55,54,48,42,80,63,45,30.23,30.17,30.11,10,9,2,20,10,23,0.01,4,Rain,289,95113
3/11/2014,71,63,54,44,30,19,66,42,18,30.18,30.09,30.01,10,10,10,25,11,38,0,1,,317,95113
3/12/2014,77,64,50,33,26,13,38,26,14,30.08,30.02,29.98,10,10,10,18,7,28,0,0,,333,95113
3/13/2014,77,62,46,49,34,19,83,42,11,30.08,30.03,29.97,10,10,10,14,4,,0,0,,299,95113
3/14/2014,71,58,44,51,44,37,83,56,29,30.23,30.16,30.08,10,10,9,15,5,18,0,2,,291,95113
3/15/2014,79,64,48,51,46,40,86,56,26,30.3,30.26,30.23,10,10,10,15,5,18,0,0,,276,95113
3/16/2014,80,65,49,51,44,31,83,51,18,30.31,30.26,30.18,10,10,10,20,5,24,0,2,,314,95113
3/17/2014,69,59,48,48,45,41,86,62,37,30.26,30.11,29.98,10,10,10,18,8,23,0,3,,286,95113
3/18/2014,71,58,44,46,34,22,86,52,17,29.98,29.94,29.89,10,10,10,20,6,24,0,0,,301,95113
3/19/2014,76,61,45,42,36,33,65,43,21,30.08,30.03,29.98,10,10,10,14,4,16,0,3,,298,95113
3/20/2014,74,62,49,47,40,36,72,50,27,30.06,30.01,29.94,10,10,10,18,6,22,0,4,,315,95113
3/21/2014,70,58,46,48,45,42,86,62,37,30.01,29.97,29.93,10,10,9,17,5,21,T,2,,303,95113
3/22/2014,71,59,46,49,45,42,86,62,37,30.13,30.06,30,10,10,10,15,6,17,0,1,,178,95113
3/23/2014,69,58,47,51,46,43,93,65,37,30.18,30.13,30.08,10,10,7,15,5,17,0,3,,231,95113
3/24/2014,75,61,46,47,43,33,86,54,21,30.15,30.09,30.02,10,10,10,15,6,18,0,0,,293,95113
3/25/2014,67,56,44,53,45,39,89,66,43,30.06,29.96,29.88,10,10,9,20,4,23,0.08,4,Rain,250,95113
3/26/2014,63,57,50,52,47,43,89,70,51,29.99,29.88,29.84,10,10,5,18,7,24,0.08,5,Rain,199,95113
3/27/2014,65,56,46,47,45,42,93,71,48,30.15,30.07,29.99,10,10,10,13,6,20,0,5,,69,95113
3/28/2014,71,61,50,49,47,45,89,65,40,30.2,30.15,30.1,10,10,10,15,7,18,0,5,,132,95113
3/29/2014,63,57,50,56,50,47,96,82,67,30.15,30.07,30.02,10,10,5,18,9,23,0.33,6,Rain,152,95113
3/30/2014,63,55,47,48,44,39,93,71,49,30.14,30.1,30.06,10,10,10,17,7,22,0.01,5,Rain,286,95113
3/31/2014,57,50,43,47,44,40,100,76,51,30.08,29.94,29.86,10,9,3,23,9,32,0.42,5,Rain,129,95113
4/1/2014,57,50,43,46,43,38,100,80,59,29.96,29.91,29.85,10,10,6,23,10,32,0.29,6,Rain,128,95113
4/2/2014,61,52,43,45,42,39,100,73,46,30.12,30.03,29.9,10,10,10,16,7,20,0.01,2,,311,95113
4/3/2014,66,55,43,47,42,33,96,66,36,30.12,30.08,30.03,10,10,10,16,7,21,0,4,,149,95113
4/4/2014,61,55,49,49,46,41,86,69,51,30.06,30.03,29.98,10,9,2,16,8,22,0.09,6,Rain,234,95113
4/5/2014,67,59,50,47,45,43,86,64,42,30.21,30.13,30.06,10,10,10,21,8,23,0,3,,306,95113
4/6/2014,76,61,46,51,47,43,93,65,36,30.24,30.18,30.1,10,10,10,16,5,23,0,2,,288,95113
4/7/2014,82,68,53,53,50,46,83,59,34,30.15,30.1,30.05,10,10,10,15,4,18,0,0,,307,95113
4/8/2014,87,72,56,55,52,47,80,54,28,30.11,30.06,30.01,10,10,10,17,4,21,0,4,,285,95113
4/9/2014,75,65,54,55,52,44,93,64,35,30.09,30.05,29.98,10,10,9,13,5,18,0,4,,297,95113
4/10/2014,80,66,52,56,50,38,96,60,23,30.04,29.98,29.89,10,9,5,13,4,14,0,5,,300,95113
4/11/2014,70,62,54,54,51,48,93,75,57,29.95,29.91,29.84,10,10,8,14,6,17,0,6,,305,95113
4/12/2014,71,62,53,51,48,45,77,59,41,29.96,29.9,29.86,10,10,10,18,7,22,0,4,,200,95113
4/13/2014,75,65,54,53,48,46,80,61,41,30.06,30,29.95,10,10,10,18,6,22,0,3,,281,95113
4/14/2014,76,64,51,54,49,38,89,57,25,30.12,30.07,30.03,10,9,5,13,5,16,0,2,,278,95113
4/15/2014,72,59,45,52,50,46,89,68,47,30.06,30,29.91,10,10,8,17,6,20,0,3,,310,95113
4/16/2014,79,64,49,50,47,45,83,58,32,29.94,29.88,29.81,10,10,9,16,6,20,0,2,,305,95113
4/17/2014,73,63,52,52,50,46,83,66,49,29.89,29.85,29.8,10,10,9,21,6,25,0,3,,316,95113
4/18/2014,71,61,51,52,48,44,83,64,44,29.96,29.91,29.88,10,10,10,20,6,22,0,2,,322,95113
4/19/2014,69,60,50,52,47,37,86,60,34,30.14,30.07,29.97,10,10,10,20,7,26,0,2,,342,95113
4/20/2014,80,65,50,52,46,38,89,55,21,30.14,30.1,30.05,10,10,10,20,5,25,0,1,,296,95113
4/21/2014,74,62,50,49,44,38,77,53,29,30.09,30.04,29.99,10,10,10,24,6,29,0,5,,302,95113
4/22/2014,65,58,50,48,40,27,83,54,24,30.14,30.07,29.97,10,10,10,24,15,31,T,4,,291,95113
4/23/2014,67,57,47,48,40,35,83,59,34,30.15,30.12,30.09,10,10,10,21,8,26,0,3,,298,95113
4/24/2014,68,59,50,52,48,45,83,66,48,30.13,30.07,29.99,10,10,10,21,7,25,T,5,Rain,304,95113
4/25/2014,61,56,50,53,48,41,93,77,60,29.97,29.88,29.82,10,9,5,21,7,26,0.25,7,Rain,240,95113
4/26/2014,63,55,48,45,40,34,83,62,35,30.11,29.97,29.86,10,10,10,17,11,26,0,6,,273,95113
4/27/2014,67,59,51,48,44,41,71,60,48,30.15,30.09,30.05,10,10,10,22,9,28,0,5,,273,95113
4/28/2014,73,60,47,48,43,36,77,55,32,30.23,30.18,30.15,10,10,10,21,7,25,0,1,,302,95113
4/29/2014,86,67,48,46,43,39,77,48,19,30.2,30.13,30.04,10,10,10,15,4,20,0,3,,311,95113
4/30/2014,93,76,58,49,46,42,67,43,18,30.09,30.04,29.99,10,10,10,16,5,18,0,3,,291,95113
5/1/2014,92,75,58,48,45,35,60,41,21,30.09,30.06,30.03,10,10,10,22,6,26,0,3,,290,95113
5/2/2014,84,69,54,53,45,38,86,53,20,30.09,30.06,30.01,10,10,10,18,6,23,0,4,,309,95113
5/3/2014,69,62,54,54,49,46,93,69,45,30.06,30.04,30,10,10,10,22,10,29,0,4,,314,95113
5/4/2014,71,62,52,50,48,46,83,65,47,30.07,30.04,30.01,10,10,10,22,9,28,0,4,,296,95113
5/5/2014,67,60,53,49,46,41,77,60,43,30.07,30.02,29.97,10,10,10,22,11,30,0,4,,286,95113
5/6/2014,71,61,50,46,43,37,72,52,31,29.97,29.92,29.88,10,10,10,24,10,31,0,1,,311,95113
5/7/2014,70,59,48,46,44,41,80,60,40,30.03,29.97,29.92,10,10,6,21,7,26,0,4,,145,95113
5/8/2014,70,60,50,54,48,43,77,65,52,30.09,30.06,30.04,10,10,10,14,5,17,T,6,Rain,184,95113
5/9/2014,70,62,53,55,50,40,93,64,35,30.17,30.13,30.09,10,10,8,23,13,28,0,5,,304,95113
5/10/2014,69,60,51,44,42,37,77,55,32,30.15,30.09,30.04,10,10,10,29,11,32,0,1,,299,95113
5/11/2014,78,63,48,45,38,31,80,49,18,30.1,30.06,30.01,10,10,10,25,9,30,0,1,,299,95113
5/12/2014,86,68,50,45,37,30,59,36,13,30.1,30.07,30.02,10,10,10,20,7,25,0,2,,311,95113
5/13/2014,95,75,55,44,38,25,55,32,9,30.14,30.09,30.04,10,10,10,18,5,25,0,0,,286,95113
5/14/2014,94,76,57,43,37,31,51,32,12,30.14,30.08,30.03,10,10,10,18,7,22,0,2,,318,95113
5/15/2014,89,74,58,45,36,22,48,29,9,30.1,30.07,30.04,10,10,10,22,7,26,0,4,,312,95113
5/16/2014,78,67,56,53,48,40,83,59,35,30.09,30.05,30,10,10,10,18,8,22,0,4,,312,95113
5/17/2014,72,63,54,51,49,42,86,65,44,30.02,30,29.98,10,10,10,20,8,23,0,4,,318,95113
5/18/2014,72,64,56,52,47,42,72,60,47,30.01,29.99,29.96,10,10,10,24,11,28,0,2,,308,95113
5/19/2014,71,61,51,48,46,44,77,59,40,29.99,29.96,29.94,10,10,10,22,9,39,0,5,,284,95113
5/20/2014,72,63,53,51,48,46,80,61,41,30.01,29.98,29.95,10,10,10,21,7,25,0,5,,308,95113
5/21/2014,77,66,55,53,50,48,86,63,39,29.98,29.95,29.9,10,10,10,20,7,24,0,3,,51,95113
5/22/2014,76,66,55,55,51,49,83,63,43,30.04,29.96,29.93,10,10,10,20,6,23,0,5,,16,95113
5/23/2014,76,66,56,55,54,52,93,70,46,30.04,30,29.94,10,9,4,18,6,22,0,5,,307,95113
5/24/2014,74,65,55,55,52,48,86,70,53,30.01,29.98,29.94,10,10,10,21,7,24,0,2,,304,95113
5/25/2014,83,69,54,50,48,42,83,55,26,29.98,29.95,29.92,10,10,10,18,7,22,0,1,,315,95113
5/26/2014,82,68,54,53,48,31,83,55,26,30.04,30,29.97,10,10,10,20,8,25,0,0,,314,95113
5/27/2014,74,63,52,49,46,43,83,59,35,30.06,30.03,29.99,10,10,10,22,8,26,0,0,,313,95113
5/28/2014,76,64,52,50,42,34,77,49,21,30.07,30.01,29.95,10,10,10,22,10,26,0,0,,312,95113
5/29/2014,83,68,53,50,41,19,77,44,10,29.96,29.93,29.88,10,10,10,18,7,23,0,1,,294,95113
5/30/2014,69,61,52,52,49,46,89,69,48,29.99,29.95,29.92,10,9,7,21,9,28,0,2,,314,95113
5/31/2014,76,66,55,54,49,45,80,58,35,29.98,29.95,29.89,10,10,10,14,6,18,0,3,,308,95113
6/1/2014,80,66,52,54,50,46,86,61,35,29.93,29.87,29.78,10,10,9,16,7,20,0,1,,294,95113
6/2/2014,75,63,51,52,49,46,89,67,44,29.92,29.87,29.84,10,10,10,21,10,24,0,1,,103,95113
6/3/2014,78,66,54,53,49,45,83,58,33,29.94,29.9,29.86,10,10,10,16,9,20,0,1,,209,95113
6/4/2014,80,66,52,56,51,48,89,65,40,29.91,29.87,29.82,10,10,10,16,6,20,0,1,,275,95113
6/5/2014,81,68,55,57,53,48,93,64,35,29.87,29.83,29.79,10,10,8,16,6,20,0,1,,284,95113
6/6/2014,77,65,53,56,52,47,89,64,38,29.85,29.82,29.78,10,10,10,15,8,20,0,0,,282,95113
6/7/2014,79,66,53,57,53,48,89,66,43,29.86,29.82,29.77,10,10,9,15,7,18,0,1,,277,95113
6/8/2014,92,75,58,57,53,48,84,55,26,29.83,29.77,29.71,10,10,8,20,5,23,0,0,,304,95113
6/9/2014,88,76,63,62,56,50,87,61,35,29.76,29.72,29.68,10,10,10,18,6,22,0,0,,286,95113
6/10/2014,77,67,57,59,55,52,86,70,53,29.82,29.76,29.72,10,10,9,16,8,22,0,0,,214,95113
6/11/2014,79,68,57,56,53,51,80,60,40,29.91,29.85,29.82,10,10,10,18,10,23,0,1,,165,95113
6/12/2014,72,65,57,52,50,47,77,62,47,29.99,29.95,29.91,10,10,10,21,9,24,0,3,,309,95113
6/13/2014,79,66,53,51,47,42,77,54,31,29.99,29.96,29.92,10,10,9,21,7,24,0,0,,302,95113
6/14/2014,88,72,55,53,49,34,80,48,15,29.94,29.89,29.84,10,10,10,22,6,28,0,2,,316,95113
6/15/2014,74,64,54,51,49,47,77,61,44,29.88,29.83,29.81,10,10,10,22,8,28,0,4,,330,95113
6/16/2014,71,62,53,50,45,40,83,58,33,29.93,29.91,29.87,10,10,10,21,7,24,0,1,,271,95113
6/17/2014,78,65,52,48,44,37,83,54,24,29.96,29.92,29.9,10,10,10,21,10,24,0,1,,295,95113
6/18/2014,88,71,53,52,42,30,72,43,13,29.96,29.93,29.9,10,10,10,22,7,26,0,0,,296,95113
6/19/2014,77,66,55,53,51,48,86,62,38,30,29.97,29.94,10,10,10,18,8,22,0,1,,295,95113
6/20/2014,83,70,56,52,48,41,83,55,26,29.99,29.96,29.93,10,10,10,23,7,28,0,4,,307,95113
6/21/2014,72,63,54,51,49,45,83,61,38,29.95,29.92,29.9,10,10,10,15,6,21,0,3,,307,95113
6/22/2014,74,64,53,52,50,47,83,62,41,29.97,29.93,29.91,10,10,10,21,6,26,0,1,,317,95113
6/23/2014,78,66,53,52,50,47,86,62,38,29.97,29.94,29.91,10,9,6,18,7,22,0,3,,315,95113
6/24/2014,75,66,57,54,51,48,72,57,41,30.01,29.99,29.97,10,10,10,21,7,26,0,1,,318,95113
6/25/2014,74,66,57,58,55,53,86,72,57,30.01,29.99,29.97,10,10,10,20,8,28,0,4,,320,95113
6/26/2014,77,69,60,59,54,49,90,64,38,30.01,29.98,29.94,10,10,10,22,10,25,0.01,4,,318,95113
6/27/2014,78,69,59,60,55,53,87,69,50,30,29.97,29.93,10,10,10,21,9,25,0,3,,319,95113
6/28/2014,77,68,59,56,53,49,78,61,43,29.97,29.95,29.91,10,10,10,21,9,28,0,1,,322,95113
6/29/2014,87,72,57,56,52,46,80,56,32,29.95,29.89,29.83,10,10,10,17,5,21,0,0,,299,95113
6/30/2014,92,77,62,58,55,49,84,54,24,29.84,29.81,29.77,10,10,10,17,6,20,0,4,,288,95113
7/1/2014,79,68,57,59,55,52,84,66,48,29.86,29.82,29.79,10,10,10,16,8,21,0,1,,238,95113
7/2/2014,81,69,57,58,54,52,86,64,42,29.91,29.87,29.84,10,10,10,22,8,25,0,2,,113,95113
7/3/2014,81,69,56,58,54,52,93,68,43,29.94,29.91,29.88,10,10,8,16,7,21,0,0,,213,95113
7/4/2014,79,69,58,58,55,51,87,65,42,30.02,29.95,29.9,10,10,8,17,7,21,0,0,,293,95113
7/5/2014,82,70,57,57,54,47,86,60,33,30.07,30.03,30,10,9,5,15,6,18,0,2,,298,95113
7/6/2014,82,70,57,56,54,50,93,64,35,30.06,30,29.93,10,10,10,13,6,17,0,1,,294,95113
7/7/2014,82,71,59,58,56,55,87,66,45,29.94,29.89,29.83,10,10,10,14,5,17,0,4,,299,95113
7/8/2014,80,70,59,59,55,51,84,65,46,29.92,29.89,29.86,10,10,10,15,7,21,0,2,,294,95113
7/9/2014,80,69,57,59,55,52,86,65,43,29.94,29.9,29.85,10,10,10,15,9,20,0,0,,179,95113
7/10/2014,80,69,58,58,55,53,86,66,45,29.94,29.9,29.85,10,10,10,17,9,24,0,1,,171,95113
7/11/2014,76,68,59,56,54,53,78,64,49,30.08,30,29.94,10,10,10,20,9,24,0,2,,250,95113
7/12/2014,73,66,58,57,54,53,80,69,57,30.09,30.06,30.02,10,10,10,18,8,22,0,4,,305,95113
7/13/2014,77,68,58,59,56,54,87,69,50,30.05,29.98,29.89,10,10,10,13,6,15,0,5,,304,95113
7/14/2014,86,74,62,60,58,55,84,63,42,29.93,29.89,29.86,10,10,9,16,5,24,0,3,,284,95113
7/15/2014,83,72,61,63,59,55,90,72,53,29.99,29.95,29.92,10,10,10,14,7,22,T,4,,291,95113
7/16/2014,83,73,62,61,58,56,90,67,43,30.03,29.99,29.95,10,10,10,21,8,25,0,3,,277,95113
7/17/2014,78,69,60,58,56,55,84,67,50,30.01,29.98,29.94,10,10,10,20,8,25,0,1,,330,95113
7/18/2014,76,69,61,58,56,55,84,69,53,30.01,29.98,29.93,10,10,10,16,9,21,0,3,,187,95113
7/19/2014,78,70,62,59,57,55,84,67,50,29.97,29.94,29.91,10,10,10,16,7,21,T,5,,313,95113
7/20/2014,78,71,63,61,59,58,90,71,52,29.99,29.95,29.93,10,10,10,18,8,24,0,5,,310,95113
7/21/2014,79,71,62,60,57,56,78,63,48,30.04,30.01,29.98,10,10,10,18,8,23,0,3,,273,95113
7/22/2014,79,71,62,59,56,55,84,66,48,30.11,30.06,30.04,10,10,10,20,8,24,T,4,Rain,319,95113
7/23/2014,78,69,59,60,56,54,84,65,45,30.14,30.1,30.05,10,10,10,20,8,26,0,2,,308,95113
7/24/2014,85,72,59,59,56,52,90,65,39,30.05,29.94,29.83,10,10,10,18,7,23,0,1,,305,95113
7/25/2014,94,78,61,59,52,42,78,48,17,29.88,29.85,29.81,10,10,10,18,6,22,0,1,,299,95113
7/26/2014,88,75,61,61,55,48,78,59,39,29.96,29.9,29.87,10,10,10,17,7,21,0,2,,282,95113
7/27/2014,86,74,62,60,59,56,87,62,37,30,29.95,29.9,10,10,10,14,6,17,0,3,,297,95113
7/28/2014,82,71,60,60,58,54,90,68,45,30.05,30.02,29.99,10,10,10,15,5,18,0,4,,294,95113
7/29/2014,83,73,62,61,58,54,90,65,39,30.06,30.02,29.96,10,10,10,15,7,18,0,1,,292,95113
7/30/2014,82,72,61,61,59,58,97,74,51,30.01,29.98,29.93,10,10,9,15,7,18,0,2,,306,95113
7/31/2014,80,71,61,61,59,57,97,74,51,29.99,29.94,29.88,10,10,8,14,6,15,0,4,,298,95113
8/1/2014,82,71,60,61,60,56,97,73,48,29.91,29.9,29.86,10,10,8,16,6,20,0,2,,297,95113
8/2/2014,75,68,60,59,58,57,97,79,61,29.96,29.92,29.89,10,9,7,15,7,17,0,4,,302,95113
8/3/2014,74,66,58,58,56,55,93,75,57,29.97,29.94,29.91,10,10,10,16,7,21,0,6,,328,95113
8/4/2014,79,69,59,58,56,54,84,66,48,30.01,29.96,29.94,10,10,10,18,8,22,0,5,,319,95113
8/5/2014,80,71,62,61,58,57,84,67,50,30.07,30.02,30,10,10,10,21,6,26,0,5,,317,95113
8/6/2014,85,74,62,62,60,58,84,65,45,30.03,29.99,29.94,10,10,10,18,7,22,T,4,,300,95113
8/7/2014,78,70,62,60,57,56,84,69,53,29.98,29.95,29.9,10,10,7,16,6,20,0,3,,302,95113
8/8/2014,80,69,58,58,55,54,87,65,42,29.94,29.91,29.86,10,10,7,15,6,18,0,3,,285,95113
8/9/2014,75,67,58,57,55,53,86,70,53,30,29.95,29.91,10,10,8,16,8,20,0,2,,309,95113
8/10/2014,80,70,59,58,55,53,78,62,45,30.01,29.97,29.92,10,10,10,16,6,18,0,5,,3,95113
8/11/2014,79,69,58,58,56,54,87,68,48,29.96,29.93,29.88,10,10,10,14,6,18,0,1,,258,95113
8/12/2014,79,69,59,57,55,52,78,61,43,29.99,29.94,29.91,10,10,10,17,9,21,0,3,,272,95113
8/13/2014,81,71,61,58,56,54,84,63,42,30,29.96,29.92,10,10,10,20,8,24,0,3,,313,95113
8/14/2014,79,70,61,60,57,55,90,68,45,29.97,29.93,29.88,10,10,10,16,6,20,0,3,,299,95113
8/15/2014,81,69,57,59,56,54,84,63,42,30,29.97,29.93,10,10,10,14,7,17,0,1,,230,95113
8/16/2014,80,70,60,58,56,54,90,68,45,30.05,30,29.96,10,10,8,16,6,20,0,3,,302,95113
8/17/2014,77,68,59,59,57,55,90,72,53,30.04,29.99,29.91,10,10,7,15,6,20,0,3,,303,95113
8/18/2014,76,68,59,59,57,55,90,72,53,29.92,29.87,29.82,10,10,8,17,6,22,0,4,,327,95113
8/19/2014,79,70,61,59,56,55,84,66,48,29.88,29.84,29.79,10,10,9,15,7,20,0,5,,145,95113
8/20/2014,81,71,60,58,56,51,84,60,36,29.93,29.88,29.85,10,10,10,16,9,21,0,3,,145,95113
8/21/2014,80,70,59,61,56,54,84,65,45,29.95,29.92,29.89,10,10,10,16,8,21,0,0,,212,95113
8/22/2014,81,71,60,59,56,53,84,64,43,29.94,29.91,29.88,10,10,10,21,8,24,0,1,,312,95113
8/23/2014,79,70,60,58,55,48,90,63,36,29.96,29.9,29.85,10,10,10,16,8,22,0,3,,16,95113
8/24/2014,77,68,58,57,55,54,84,67,50,29.91,29.87,29.8,10,10,10,17,8,21,0,2,,284,95113
8/25/2014,77,68,58,56,54,54,84,66,47,29.95,29.88,29.84,10,10,10,20,8,23,0,3,,235,95113
8/26/2014,77,67,56,57,54,51,80,63,46,30.01,29.98,29.93,10,10,10,15,5,24,0,1,,275,95113
8/27/2014,83,72,60,59,56,52,84,60,36,30.07,30.02,29.98,10,10,10,16,6,20,0,0,,282,95113
8/28/2014,82,71,60,60,58,55,90,66,42,30.08,30.02,29.94,10,9,7,15,6,26,0,2,,309,95113
8/29/2014,83,72,60,60,58,56,90,65,40,29.97,29.93,29.87,10,9,7,21,5,24,0,6,,304,95113
8/30/2014,86,74,61,59,56,50,90,62,34,29.92,29.89,29.86,10,10,10,21,6,24,0,1,,317,95113
8/31/2014,82,70,58,58,56,53,90,66,42,29.94,29.89,29.83,10,10,10,20,6,22,0,0,,294,95113
